Time,No,Text
201306,54830,"[C]Klopfendes Geräusch bei Fahrbahnunebenheiten
[R]Stabistange ern.
[T]Stabistange vo. li.  Gelenk ausgeschlagen
[C]Klopfendes Geräusch bei Fahrbahnunebenheiten
[R]Stabistange ern.
[T]Stabistange vo. li.  Gelenk ausgeschlagen
"
201305,54830,"[C]Knackgeräusche von vorn
[R]Stabistrebe vorn links erneuert
[T]Stabistrebe vorn links ausgeschlagen, vermutlich Materialfehler
[C]Knackgeräusche von vorn
[R]Stabistrebe vorn links erneuert
[T]Stabistrebe vorn links ausgeschlagen, vermutlich Materialfehler
"
201302,55300,"[C]Stoßdämpfer hinten rechts undicht
[R]Stoßdämpfer hinten rechts ersetzt
[T]Stoßdämpfer hinten rechts undicht, fehlerhafte Abdichtung
[L]N.Büker
[C]Stoßdämpfer hinten rechts undicht
[R]Stoßdämpfer hinten rechts ersetzt
[T]Stoßdämpfer hinten rechts undicht, fehlerhafte Abdichtung
[L]N.Büker
"
201308,54840,"[C]Bei Reparaturarbeiten festgestellt: Koppelstangen Vorderachse ausgeschlagen
[R]Koppelstangen Vorderachse ausgetauscht.
[T]Bei Reparaturarbeiten festgestellt: Koppelstangen Vorderachse ausgeschlagen
[C]Bei Reparaturarbeiten festgestellt: Koppelstangen Vorderachse ausgeschlagen
[R]Koppelstangen Vorderachse ausgetauscht.
[T]Bei Reparaturarbeiten festgestellt: Koppelstangen Vorderachse ausgeschlagen
"
201303,54840,"[C]Geräusche während der Fahrt.
[R]Koppelstangen ausgetauscht.
[T]Koppelstangen ausgeschlagen.
[C]Geräusche während der Fahrt.
[R]Koppelstangen ausgetauscht.
[T]Koppelstangen ausgeschlagen.
"
201301,54830,"[C]Tüv-Mängel:
Koppelstange vorne links Lagerung ausgeschlagen
[R]Koppelstange vorne links erneuert
[T]Koppelstange vorne links Lagerung ausgeschlagen
[C]Tüv-Mängel:
Koppelstange vorne links Lagerung ausgeschlagen
[R]Koppelstange vorne links erneuert
[T]Koppelstange vorne links Lagerung ausgeschlagen
"
201304,54830,"[C]Fahrzeug macht Geräusche
[R]Stabi vorn links erneuert
[T]Stabipendel vorn links klappert
[C]Fahrzeug macht Geräusche
[R]Stabi vorn links erneuert
[T]Stabipendel vorn links klappert
"
201305,54840,"[C]Vorderachse macht Klappergeräusche
[R]Stabigelenk vorn rechts gewechselt
[T]Vorderachse macht Klappergeräusche, Stabigelenk vorn rechts erhöhtes Spiel
[C]Vorderachse macht Klappergeräusche
[R]Stabigelenk vorn rechts gewechselt
[T]Vorderachse macht Klappergeräusche, Stabigelenk vorn rechts erhöhtes Spiel
"
201304,54840,"[C]kLAPPERGERÄUSCHE
[R]Lenker erneuert
[T]Lenker ausgeschlagen
[C]kLAPPERGERÄUSCHE
[R]Lenker erneuert
[T]Lenker ausgeschlagen
"
201302,54830,"[C]bei unebenen Straßenverhältnissen polterndes Geräusch vorn
[R]Pendelstütze erneuert
[T]Pendelstütze VL ausgeschlagen
[C]bei unebenen Straßenverhältnissen polterndes Geräusch vorn
[R]Pendelstütze erneuert
[T]Pendelstütze VL ausgeschlagen
"
201303,54840,"[C]Klackern vorne links prüfen
[R]Koppelstange vorne links erneuern
[T]Koppelstange vorne links ausgeschlagen
[C]Klackern vorne links prüfen
[R]Koppelstange vorne links erneuern
[T]Koppelstange vorne links ausgeschlagen
"
201305,54830,"[C]Bei Bodenunebenheiten Poltergeräusche vorne
[R]Koppelstange v.l. ersetzt
[T]Koppelstange v.l. ausgeschlagen
[L]Ru
[C]Bei Bodenunebenheiten Poltergeräusche vorne
[R]Koppelstange v.l. ersetzt
[T]Koppelstange v.l. ausgeschlagen
[L]Ru
"
201305,54840,"[C]Im Rahmen der Inspektion festgestellt, Stabilisatorgelenke vorne rechts und links ausgeschlagen
[R]Stabigelenke erneuert
[T]Stabilisatorgelenke ausgeschlagen
[C]Im Rahmen der Inspektion festgestellt, Stabilisatorgelenke vorne rechts und links ausgeschlagen
[R]Stabigelenke erneuert
[T]Stabilisatorgelenke ausgeschlagen
"
201302,54830,"[C]Im Rahmen der Inspektion festgestellt, Stabigelenke vorne rechts und links ausgeschlagen
[R]Stabigelenke erneuert
[T]Stabigelenke ausgeschlagen
[C]Im Rahmen der Inspektion festgestellt, Stabigelenke vorne rechts und links ausgeschlagen
[R]Stabigelenke erneuert
[T]Stabigelenke ausgeschlagen
"
201304,54840,"[C]Im Rahmen der Jahresinspektion festgestellt, Stabilisatorgelenk vorne rechts ausgeschlagen
[R]Stabilisatorgelenk erneuert
[T]Stabilisatorgelenk ausgeschlagen
[C]Im Rahmen der Jahresinspektion festgestellt, Stabilisatorgelenk vorne rechts ausgeschlagen
[R]Stabilisatorgelenk erneuert
[T]Stabilisatorgelenk ausgeschlagen
"
201304,54830,"[C]Klappergeräusch bei Unebenheiten
[R]Austausch Koppelstange vorn links
[T]Koppelstange vorn links Spiel im Gelenk
[C]Klappergeräusch bei Unebenheiten
[R]Austausch Koppelstange vorn links
[T]Koppelstange vorn links Spiel im Gelenk
"
201302,55300,"[C]TÜV Mangel Stoßdämpfer der HA undicht &#40;beide&#41;
[R]Stoßdämpfer der HA erneuert &#40;beide&#41;
[T]Stoßdämpfer hinten undicht &#40;beide&#41;
[C]TÜV Mangel Stoßdämpfer der HA undicht &#40;beide&#41;
[R]Stoßdämpfer der HA erneuert &#40;beide&#41;
[T]Stoßdämpfer hinten undicht &#40;beide&#41;
"
201303,54840,"[C]poltern von der HA bei leichten Unebenheiten
[R]Koppelstangen rechts + links VA erneuert
[T]Koppelstange VA rechts + links ausgeschlagen
[C]poltern von der HA bei leichten Unebenheiten
[R]Koppelstangen rechts + links VA erneuert
[T]Koppelstange VA rechts + links ausgeschlagen
"
201301,54830,"[C]Klappergeräusche bei unebener Straße von der Vorderachse
[R]Stabilisatorgestänge vorne links ern
[T]Stabilisatorgestänge vorne links ausgeschlagen
[C]Klappergeräusche bei unebener Straße von der Vorderachse
[R]Stabilisatorgestänge vorne links ern
[T]Stabilisatorgestänge vorne links ausgeschlagen
"
201302,54840,"[C]Geräusche von vorne rechts
[R]Stabilisator erneuert
[T]Stabilisator vorne rechts ausgeschlagen defekt
[C]Geräusche von vorne rechts
[R]Stabilisator erneuert
[T]Stabilisator vorne rechts ausgeschlagen defekt
"
201307,54830,"[C]Klappergeräusche von vorne
[R]Stabilisator erneuert
[T]Stabilisator vorne links ausgeschlagen
[C]Klappergeräusche von vorne
[R]Stabilisator erneuert
[T]Stabilisator vorne links ausgeschlagen
"
201301,54830,"[C]Geräusche vorne links
[R]Stabi erneuert
[T]Stabi vorne links ausgeschlagen defekt
[C]Geräusche vorne links
[R]Stabi erneuert
[T]Stabi vorne links ausgeschlagen defekt
"
201302,54840,"[C]Geräusch beim fahren
[R]Lenker muss erneuert werden
[T]Lenker vorne defekt
[C]Geräusch beim fahren
[R]Lenker muss erneuert werden
[T]Lenker vorne defekt
"
201304,55300,"[C]Fahrwerk klappert.
[R]Stoßdämpfer erneuert.
[T]Stoßdämpfer HL hat starken Ölverlust.
[C]Fahrwerk klappert.
[R]Stoßdämpfer erneuert.
[T]Stoßdämpfer HL hat starken Ölverlust.
"
201306,55300,"[C]Zur Wartung festgestellten Mangel beseitigen.
[R]Stoßdämpfer erneuern.
[T]Stoßdämpfer HL ist undicht.
[C]Zur Wartung festgestellten Mangel beseitigen.
[R]Stoßdämpfer erneuern.
[T]Stoßdämpfer HL ist undicht.
"
201301,54830,"[C]Klopfgeräusche vorne
[R]Koppelstangen erneuern
[T]Koppelstangen haben Spiel
[C]Klopfgeräusche vorne
[R]Koppelstangen erneuern
[T]Koppelstangen haben Spiel
"
201301,54840,"[C]FAHRZEUG MACHT GERÄUSCHE VORNE
[R]KOPPELSTANGEN ERNEUERN
[T]KOPPELSTANGEN VORNE SIND AUSGESCHLAGEN UND HABEN GROSSES SPIEL
[C]FAHRZEUG MACHT GERÄUSCHE VORNE
[R]KOPPELSTANGEN ERNEUERN
[T]KOPPELSTANGEN VORNE SIND AUSGESCHLAGEN UND HABEN GROSSES SPIEL
"
201301,54830,"[C]FAHRZEUG HAT KLAPPERRGERAUESCHE VORNE
[R]KOPPELSTANGEN ERNEUERN
[T]KOPPELSTANGEN HABEN SPIEL
[C]FAHRZEUG HAT KLAPPERRGERAUESCHE VORNE
[R]KOPPELSTANGEN ERNEUERN
[T]KOPPELSTANGEN HABEN SPIEL
"
201302,54840,"[C]Klappergeräusch vom Unterboden.
[R]Koppelstange erneuert.
[T]Koppelstange vorne rechts ausgeschlagen.
[L]1234
[C]Klappergeräusch vom Unterboden.
[R]Koppelstange erneuert.
[T]Koppelstange vorne rechts ausgeschlagen.
[L]1234
"
201302,54830,"[C]Klappern auf schlechter Straße
[R]ern.
[T]Stabi VL und VR ist ausgeschlagen
[C]Klappern auf schlechter Straße
[R]ern.
[T]Stabi VL und VR ist ausgeschlagen
"
201301,54830,"[C]Fzg. klappert auf schlechter Straße
[R]ern.
[T]Stabi VL und VR ist ausgeschlagen.
[C]Fzg. klappert auf schlechter Straße
[R]ern.
[T]Stabi VL und VR ist ausgeschlagen.
"
201301,54830,"[C]Geräusch auf schlechter Straße
[R]ern.
[T]Stabi VL und VR ist ausgeschlagen
[C]Geräusch auf schlechter Straße
[R]ern.
[T]Stabi VL und VR ist ausgeschlagen
"
201305,54840,"[C]Klappern auf schlechter Strasse
[R]ern.
[T]Stabi VR ausgeschlagen
[C]Klappern auf schlechter Strasse
[R]ern.
[T]Stabi VR ausgeschlagen
"
201304,54830,"[C]Geräusche Vorderachse links
[R]Koppelstange vorn links erneuert
[T]Koppelstange vorn links hat Spiel
[C]Geräusche Vorderachse links
[R]Koppelstange vorn links erneuert
[T]Koppelstange vorn links hat Spiel
"
201301,54830,"[C]Poltern von VA
[R]Stabi Stütze VL ern
[T]Stabi Stütze VL ausgeschlagen
[L]1242
[C]Poltern von VA
[R]Stabi Stütze VL ern
[T]Stabi Stütze VL ausgeschlagen
[L]1242
"
201304,54830,"[C]Geräusche Vorderachse prüfen
[R]Pendelstütze vorne links erneuert
[T]Geräusche bei unebener Fahrbahn Pendelstütze vl. ausgeschlagen
[C]Geräusche Vorderachse prüfen
[R]Pendelstütze vorne links erneuert
[T]Geräusche bei unebener Fahrbahn Pendelstütze vl. ausgeschlagen
"
201305,54840,"[C]Geräusch VR bei unebener Fahrbahn
[R]Stabigelenk VR erneuert
[T]Stabigelenk VR spiel
[C]Geräusch VR bei unebener Fahrbahn
[R]Stabigelenk VR erneuert
[T]Stabigelenk VR spiel
"
201304,54830,"[C]Fahrzeug klappert bei Fahrten durch Schlaglöcher
[R]Stabipendel links und rechts erneuert
[T]Stabipendel links und rechts ausgeschlagen
[C]Fahrzeug klappert bei Fahrten durch Schlaglöcher
[R]Stabipendel links und rechts erneuert
[T]Stabipendel links und rechts ausgeschlagen
"
201305,55300,"[C]Stoßdämpfer an der HA undicht
[R]Stoßdämpfer an der HA erneuert
[T]Stoßdämpfer an der HA undicht
"
201303,55300,"[C]Geräusch beim Federn
[R]Dämpfer erneuern
[T]Stossdämpfer hinten undicht
[C]Geräusch beim Federn
[R]Dämpfer erneuern
[T]Stossdämpfer hinten undicht
"
201303,54840,"[C]Bei der Wartung am 01.07.2016 wurde festgestellt, dass beide Koppelstangen vorne Spiel haben
[R]Koppelstangen erneuern
[T]Kugelköpfe an beiden Koppelstangen haben Spiel
[C]Bei der Wartung am 01.07.2016 wurde festgestellt, dass beide Koppelstangen vorne Spiel haben
[R]Koppelstangen erneuern
[T]Kugelköpfe an beiden Koppelstangen haben Spiel
"
201302,54840,"[C]Fahrzeug macht während der Fahrt komische Geräusche
[R]Koppelstangen vorne erneuern
[T]Koppelstangen vorne defekt
[L]1299
[C]Fahrzeug macht während der Fahrt komische Geräusche
[R]Koppelstangen vorne erneuern
[T]Koppelstangen vorne defekt
[L]1299
"
201303,55300,"[C]Fahrzeug macht auf schlechter Fahrbahn Geräusche
[R]Stoßdämpfer HL. erneuert
[T]Stoßdämpfer HA. links undicht / Geräusche
[C]Fahrzeug macht auf schlechter Fahrbahn Geräusche
[R]Stoßdämpfer HL. erneuert
[T]Stoßdämpfer HA. links undicht / Geräusche
"
201301,55300,"[C]Geräusche von HR.
[R]Stoßdämpfer erneuert
[T]Stoßdämpfer HR. undicht
[C]Geräusche von HR.
[R]Stoßdämpfer erneuert
[T]Stoßdämpfer HR. undicht
"
201302,54840,"[C]Klappergeräusche vorne bei Unebenheiten
[R]Koppelstangen vorne erneuern
[T]Gelenke Koppelstangen links und rechts ausgeschlagen
[C]Klappergeräusche vorne bei Unebenheiten
[R]Koppelstangen vorne erneuern
[T]Gelenke Koppelstangen links und rechts ausgeschlagen
"
201307,54840,"[C]KLAPPERGERÄUSCHE IN DER VORDERACHSE
[R]STABIVERBINDER VR ERSETZT
[T]DER RECHTE STABIVERBINDER IST DEFEKT-AUSGESCHLAGEN-ERSETZEN
"
201301,54830,"[C]FOLGEAUFTRAG ZUM AUFTRAG 60477:
BEI DER INSPEKTION WURDE FESTGESTELLT, DAS DIE KOPPELSTANGE VORNE LINKS AUSGESCHLAGEN IST
[R]KOPPELSTANGE ERSETZT
[T]KOPPELSTANGE AUSGESCHLAGEN
[L]1385

[C]FOLGEAUFTRAG ZUM AUFTRAG 60477:
BEI DER INSPEKTION WURDE FESTGESTELLT, DAS DIE KOPPELSTANGE VORNE LINKS AUSGESCHLAGEN IST
[R]KOPPELSTANGE ERSETZT
[T]KOPPELSTANGE AUSGESCHLAGEN
[L]1385

"
201303,54840,"[C]BEI DER TÜV ABNAHME WURDE FESTGESTELLT:
KOPPELSTANGE VORNE RECHTS HAT SPIEL
[R]KOPPELSTANGE ERSETZT
[T]KOPPELSTANGE HAT SPIEL
[L]1385
[C]BEI DER TÜV ABNAHME WURDE FESTGESTELLT:
KOPPELSTANGE VORNE RECHTS HAT SPIEL
[R]KOPPELSTANGE ERSETZT
[T]KOPPELSTANGE HAT SPIEL
[L]1385
"
201306,54830,"[C]IM RAHMEN DER WARTUNG WURDE FESTGESTELLT:
KOPPELSTANGE VORNE LINKS HAT SPIEL
[R]KOPPELSTANGE ERSETZT
[T]KOPPELSTANGE VORNE LINKS AUSGESCHLAGEN
[L]1385
[C]IM RAHMEN DER WARTUNG WURDE FESTGESTELLT:
KOPPELSTANGE VORNE LINKS HAT SPIEL
[R]KOPPELSTANGE ERSETZT
[T]KOPPELSTANGE VORNE LINKS AUSGESCHLAGEN
[L]1385
"
201303,54840,"[C]abnormales Poltern auf unebener Straße
[R]Stabipendel erneuert
[T]Stabipendel vorn rechts ausgeschlagen
[C]abnormales Poltern auf unebener Straße
[R]Stabipendel erneuert
[T]Stabipendel vorn rechts ausgeschlagen
"
201302,55300,"[C]Stoßdämpfer hinten rechts undicht
[R]Stoßdämpfer hinten rechts muss erneuert werden
[T]bei Inspektion festgestellt
[L]1400
"
201303,54830,"[C]Poltergeräusch bei unebener Fahrbahn
[R]Koppelstangen vorn beide Seiten erneuert
[T]Koppelstangen vorn beide Seiten ausgeschlagen
[C]Poltergeräusch bei unebener Fahrbahn
[R]Koppelstangen vorn beide Seiten erneuert
[T]Koppelstangen vorn beide Seiten ausgeschlagen
"
201306,54830,"[C]Klappergeräusche vorn !!!
[R]Stabigelenke vorn rechts und links erneuert&#59;
[T]Klappergeräusche vorn !!!
[C]Klappergeräusche vorn !!!
[R]Stabigelenke vorn rechts und links erneuert&#59;
[T]Klappergeräusche vorn !!!
"
201307,54840,"[C]Fz. macht Geräusche
[R]Koppelstange erneuert
[T]Koppelstange vorne rechts ausgeschlagen
[C]Fz. macht Geräusche
[R]Koppelstange erneuert
[T]Koppelstange vorne rechts ausgeschlagen
"
201301,54830,"[C]Poltergeräusche am Fz, vorne
[R]Koppelstange vorne links erneuert
[T]Koppelstange vorne links ausgeschlagen
"
201306,54830,"[C]Vorderachse abnormale Geräusche auf unebener Fahrbahn
[R]Koppelstange l+r erneuern
[T]Koppelstange vorn l+r ausgeschlagen
[C]Vorderachse abnormale Geräusche auf unebener Fahrbahn
[R]Koppelstange l+r erneuern
[T]Koppelstange vorn l+r ausgeschlagen
"
201306,54830,"[C]Klappergeräusche aus dem Vorderwagenbereich bei Fahrbahnunebenheiten
[R]Koppelstangen ers
[T]Koppelstangen vorn ers
[L]1523
[C]Klappergeräusche aus dem Vorderwagenbereich bei Fahrbahnunebenheiten
[R]Koppelstangen ers
[T]Koppelstangen vorn ers
[L]1523
"
201301,54830,"[C]Man hört ein klapperndes Geräusch vorn beim Überfahren von Bodenwellen
[R]Koppelstange VL ers
[T]Koppelstange VL ausgeschlagen / Spiel
[L]1523
[C]Man hört ein klapperndes Geräusch vorn beim Überfahren von Bodenwellen
[R]Koppelstange VL ers
[T]Koppelstange VL ausgeschlagen / Spiel
[L]1523
"
201308,54840,"[C]Klapperndes Geräusch hinten bitten prüfen und beheben.
[R]Koppelstangen erneuert.
[T]Koppelstangen vorne rechts und links ausgeschlagen.
[C]Klapperndes Geräusch hinten bitten prüfen und beheben.
[R]Koppelstangen erneuert.
[T]Koppelstangen vorne rechts und links ausgeschlagen.
"
201308,54840,"[C]Koppelstange rechts und links ausgeschlagen (bei Wartung festgestellt).
[R]Koppelstangen erneuert.
[T]Koppelstangen vorne rechts und links ausgeschlagen.
[C]Koppelstange rechts und links ausgeschlagen (bei Wartung festgestellt).
[R]Koppelstangen erneuert.
[T]Koppelstangen vorne rechts und links ausgeschlagen.
"
201301,54830,"[C]Klappergeräusche von vorn
[R]Koppelstange ersetzt
[T]Stabi v l Spiel
[C]Klappergeräusche von vorn
[R]Koppelstange ersetzt
[T]Stabi v l Spiel
"
201304,54830,"[C]Geräusche beim überfahren von Unebenheiten
[R]Koppelstange vorne links erneuern
[T]Koppelstange vorne  links defekt
[L]1577
[C]Geräusche beim überfahren von Unebenheiten
[R]Koppelstange vorne links erneuern
[T]Koppelstange vorne  links defekt
[L]1577
"
201303,54830,"[C]Geräusche beim Überfahren von Unebenheiten
[R]Koppelstange erneuern
[T]Koppelstange vorne links ausgeschlagen
[L]1577
[C]Geräusche beim Überfahren von Unebenheiten
[R]Koppelstange erneuern
[T]Koppelstange vorne links ausgeschlagen
[L]1577
"
201303,54840,"[C]Fahrzeug klappert
[R]Koppelstange ern.
[T]Koppelstange ausgeschlagen
[C]Fahrzeug klappert
[R]Koppelstange ern.
[T]Koppelstange ausgeschlagen
"
201306,54830,"[C]Klappergeräusche auf Kopfsteinpflaster
[R]Koppelstange vorne links erneuert
[T]Koppelstange vorne links ausgeschlagen
[C]Klappergeräusche auf Kopfsteinpflaster
[R]Koppelstange vorne links erneuert
[T]Koppelstange vorne links ausgeschlagen
"
201308,54830,"[C]Klappergeräusch vorne
[R]Stabi vorne links erneuert
[T]Stabi vorne links ausgeschlagen
[C]Klappergeräusch vorne
[R]Stabi vorne links erneuert
[T]Stabi vorne links ausgeschlagen
"
201307,54830,"[C]Poltergeräusche vorne
[R]Stabistange v.l. ern.
[T]Stabistange v.l. ausgeschlagen
[C]Poltergeräusche vorne
[R]Stabistange v.l. ern.
[T]Stabistange v.l. ausgeschlagen
"
201303,54840,"[C]Fahrzeug poltert stark auf unebener Fahrbahn
[R]Die Koppelstangen auf beiden Seiten müssen erneuert werden
[T]Die Koppelstangen auf beiden Seiten haben erhöhtes Spiel
[L]Die Koppelstangen auf beiden Seiten müssen erneuert werden
[C]Fahrzeug poltert stark auf unebener Fahrbahn
[R]Die Koppelstangen auf beiden Seiten müssen erneuert werden
[T]Die Koppelstangen auf beiden Seiten haben erhöhtes Spiel
[L]Die Koppelstangen auf beiden Seiten müssen erneuert werden
"
201303,54840,"[C]Poltern vorn rechts
[T]Stabilisatorstütze vorn rechts mit Spiel
[C]Poltern vorn rechts
[T]Stabilisatorstütze vorn rechts mit Spiel
"
201306,54840,"[C]Poltern vom Unterboden prüfen.
[R]Stabilisatorstrebe vorn rechts ausgeschlagen.
[T]Stabilisatorstrebe vorn rechts defekt !
[C]Poltern vom Unterboden prüfen.
[R]Stabilisatorstrebe vorn rechts ausgeschlagen.
[T]Stabilisatorstrebe vorn rechts defekt !
"
201301,55300,"[C]Beide Stoßdämpfer hinten undicht
[R]Beide Dämpfer erneuert
[T]Dämpfer hinten undicht und klappern
[C]Beide Stoßdämpfer hinten undicht
[R]Beide Dämpfer erneuert
[T]Dämpfer hinten undicht und klappern
"
201303,54830,"[C]Klappergeräusch an der Vorderachse auf unebener Fahrbahn
[R]Die Koppelstange vorne links wurde ausgetauscht
[T]Vorne links ist die Koppelstang ausgeschlagen
[L]1629
[C]Klappergeräusch an der Vorderachse auf unebener Fahrbahn
[R]Die Koppelstange vorne links wurde ausgetauscht
[T]Vorne links ist die Koppelstang ausgeschlagen
[L]1629
"
201301,54830,"[C]Geräusche bei Unebenheiten
[R]Koppelstange erneuert
[T]Koppelstange li defekt
[C]Geräusche bei Unebenheiten
[R]Koppelstange erneuert
[T]Koppelstange li defekt
"
201305,54830,"[C]Klopfgeräusche von vorne bei unebener Fahrbahn
[R]Koppelstangen links und rechts erneuert
[T]Koppelstangen links/rechts defekt ausgeschlagen Spiel
[C]Klopfgeräusche von vorne bei unebener Fahrbahn
[R]Koppelstangen links und rechts erneuert
[T]Koppelstangen links/rechts defekt ausgeschlagen Spiel
"
201307,54830,"[C]Klopfgeräusche vorne
[R]Koppelstangen links + rechts vorne erneuert
[T]Koppelstangen vorne L+R erneuern, ausgeschlagen
[C]Klopfgeräusche vorne
[R]Koppelstangen links + rechts vorne erneuert
[T]Koppelstangen vorne L+R erneuern, ausgeschlagen
"
201301,54840,"[C]Klopfgeräusch vorne
[R]Koppelstange vorne rechts ausgebaut und erneuert
[T]Klopfgeräusch von Koppelstange vorne rechts, ausgeschlagen
"
201303,54840,"[C]Bei TÜV Abnahme festgestellt: Koppelstange vorne rechts ausgeschlagen.

[R]Koppelstange vorne rechts erneuert.
[T]Koppelstange vorne rechts ausgeschlagen.
[C]Bei TÜV Abnahme festgestellt: Koppelstange vorne rechts ausgeschlagen.

[R]Koppelstange vorne rechts erneuert.
[T]Koppelstange vorne rechts ausgeschlagen.
"
201304,54830,"[C]Bei Kundendienstarbeiten festgestellt: 
Koppelstange vorne links ausgeschlagen
[R]Koppelstange vorne links erneuert.
[T]Koppelstange vorne links ausgeschlagen
[C]Bei Kundendienstarbeiten festgestellt: 
Koppelstange vorne links ausgeschlagen
[R]Koppelstange vorne links erneuert.
[T]Koppelstange vorne links ausgeschlagen
"
201305,54840,"[C]Koppelstange vorne rechts ausgeschlagen
[R]Koppelstange vorne rechts erneuert
[T]Bei TÜV-Arbeiten festgestellt: 
Koppelstange Vorderachse rechts ausgeschlagen
[C]Koppelstange vorne rechts ausgeschlagen
[R]Koppelstange vorne rechts erneuert
[T]Bei TÜV-Arbeiten festgestellt: 
Koppelstange Vorderachse rechts ausgeschlagen
"
201302,54830,"[C]Geräusch an der Vorderachse
[R]Stabi erneuert
[T]Stabilisatoren ausgeschlagen
[D]Arbeitswert Menge nur 1
[C]Geräusch an der Vorderachse
[R]Stabi erneuert
[T]Stabilisatoren ausgeschlagen
[D]Arbeitswert Menge nur 1
"
201308,54840,"[C]Klappergeräusch vorne
[R]Koppelstange erneuert
[T]Koppelstange vorne rechts Spiel
[C]Klappergeräusch vorne
[R]Koppelstange erneuert
[T]Koppelstange vorne rechts Spiel
"
201306,54830,"[C]Betriebsfremde Geräusche auf unebener Fahrbahn
[R]Koppelstange links erneuert
[T]Geräusch nachvollziehbar, Koppelstange links ausgeschlagen
[C]Betriebsfremde Geräusche auf unebener Fahrbahn
[R]Koppelstange links erneuert
[T]Geräusch nachvollziehbar, Koppelstange links ausgeschlagen
"
201304,55300,"[C]Stossdämpfer hinten undicht
[R]Dämpfer samt Verschraubungen undicht
[T]Dämpfer beidseitig undicht
[L]Bitte geben Sie bei der Reparatur Kommentar im "" Memo "" Abschnitt für
Sicherheitsteil [ 55300/81919 ] oder Anspruch unter 90 Tagen.
"
201306,54830,"[C]Fzg klappert auf unebener Fahrbahn
[R]Koppelstangen re. und li. erneuert
[T]Koppelstangen beidseitig ausgeschlagen
"
201306,54830,"[C]Klappergeräusche beim fahren vorne links
[R]Koppelstange vorne links erneuert
[T]Kundebeanstandung nachvollzogen, Koppelstange vorne links klappert
[C]Klappergeräusche beim fahren vorne links
[R]Koppelstange vorne links erneuert
[T]Kundebeanstandung nachvollzogen, Koppelstange vorne links klappert
"
201304,54830,"[C]Wagen klappert über Unebenheiten
[R]Stabistangen vorne ausgeschlagen Stabistangen vorne rechts und links erneuert
[T]Fahrzeug klappert über Unebenheiten- Stabistangen rechts und links ausgeschlagen
[C]Wagen klappert über Unebenheiten
[R]Stabistangen vorne ausgeschlagen Stabistangen vorne rechts und links erneuert
[T]Fahrzeug klappert über Unebenheiten- Stabistangen rechts und links ausgeschlagen
"
201304,55300,"[C]Kunde gibt an:Bei Inspektion festgestellt Stoßdämpfer h.l. undicht
[R]Stoßdämpfer hinten rechts und links erneuert
[T]Stoßdämpfer undicht
[C]Kunde gibt an:Bei Inspektion festgestellt Stoßdämpfer h.l. undicht
[R]Stoßdämpfer hinten rechts und links erneuert
[T]Stoßdämpfer undicht
"
201301,54830,"[C]Klappern von der Vorderachse.
[R]Koppelstangen Vorderachse erneuert.
[T]Beide Koppelstangen an der Vorderachse weisen erhöhtes Spiel in ihren Kugelköpfen auf.
[C]Klappern von der Vorderachse.
[R]Koppelstangen Vorderachse erneuert.
[T]Beide Koppelstangen an der Vorderachse weisen erhöhtes Spiel in ihren Kugelköpfen auf.
"
201301,54840,"[C]Fahrzeug klappert beim fahren über Unebenheiten.
[R]Koppelstange vorne rechts erneuert.
[T]Die Klappergeräusche kommen von der vorderen Radaufhängung rechts. Die Kugelköpfe der rechten Koppeltange sind ausgeschlagen und weisen so erhöhtes Spiel auf.
[C]Fahrzeug klappert beim fahren über Unebenheiten.
[R]Koppelstange vorne rechts erneuert.
[T]Die Klappergeräusche kommen von der vorderen Radaufhängung rechts. Die Kugelköpfe der rechten Koppeltange sind ausgeschlagen und weisen so erhöhtes Spiel auf.
"
201301,54830,"[T]ES KOMMEN ANORMALE KLAPPER- GERAEUSCHE WAEHREND DER FAHRT VON DER VORDERACHSE LINKS. URSACHE  AUSGESCHLAGENE KUGEL- KOEPFE DER KOPPELSTANGE LINKS. LINKE KOPPELSTANGE WURDE ER- NEUERT. GERAEUSCHE WAREN DANACH VER- SCHWUNDEN.
"
201306,54830,"[C]klappern von Hinten
[R]Koppelstangen erneuern
[T]Koppelstangen vorn ausgeschlagen
[C]klappern von Hinten
[R]Koppelstangen erneuern
[T]Koppelstangen vorn ausgeschlagen
"
201307,54830,"[C]klappern auf unebener Straße
[R]Koppelstangen erneuern
[T]Koppelstangen V ausgeschlagen
[C]klappern auf unebener Straße
[R]Koppelstangen erneuern
[T]Koppelstangen V ausgeschlagen
"
201304,55300,"[C]Quietschen beim Schalten
[R]Austausch des defekten Teils
[T]Stoßdämpfer hinten recht ist undicht
[L]1670
[C]Quietschen beim Schalten
[R]Austausch des defekten Teils
[T]Stoßdämpfer hinten recht ist undicht
[L]1670
"
201302,54830,"[C]poltern im Unterboden
[R]Stabipendel rechts+links erneuert
[T]Stabipendel vorne rechts+links ausgeschlagen
[C]poltern im Unterboden
[R]Stabipendel rechts+links erneuert
[T]Stabipendel vorne rechts+links ausgeschlagen
"
201305,54840,"[C]Koppelstange vorne rechts ausgeschlagen ----TÜV Mangel
[R]Koppelstange vorne rechts erneuert
[T]Kugelgelenk unten hat Spiel
"
201301,54830,"[T]Im Rahmen der Wartung festgestellt, Sabi v.l. erhöhtes Luftspiel
[T]Im Rahmen der Wartung festgestellt, Sabi v.l. erhöhtes Luftspiel
"
201304,54840,"[C]Geräusch auf unebener Fahrbahn vorne
[R]beide vorderen Stabigelenke müssen erneuert werden
[T]abnormaler Verschleiß
[C]Geräusch auf unebener Fahrbahn vorne
[R]beide vorderen Stabigelenke müssen erneuert werden
[T]abnormaler Verschleiß
"
201304,54840,"[C]Im Rahmen der Wartung festgestellt: Koppelstange vorne rechts ausgeschlagen
[R]Koppelstange muss erneuert werden
[T]erhöhtes Spiel
[C]Im Rahmen der Wartung festgestellt: Koppelstange vorne rechts ausgeschlagen
[R]Koppelstange muss erneuert werden
[T]erhöhtes Spiel
"
201306,54830,"[C]Klappergeräusch bei unebener Fahrbahn
[R]Koppelstange muss erneuert werden
[T]Koppelstange v.l. ausgeschlagen
[C]Klappergeräusch bei unebener Fahrbahn
[R]Koppelstange muss erneuert werden
[T]Koppelstange v.l. ausgeschlagen
"
201304,54830,"[C]Geräusche auf unebener Fahrbahn
[R]Koppelstangen ersetzt
[T]Koppelstange vorn rechts und links ausgeschlagen
[C]Geräusche auf unebener Fahrbahn
[R]Koppelstangen ersetzt
[T]Koppelstange vorn rechts und links ausgeschlagen
"
201301,54840,"[C]Poltergeräusch an der Vorderachse
[R]Koppelstangen vorne erneuert
[T]Koppelstange ausgeschlagen
[C]Poltergeräusch an der Vorderachse
[R]Koppelstangen vorne erneuert
[T]Koppelstange ausgeschlagen
"
201302,54840,"[C]Poltergeräusche an der Vorderachse
[R]Koppelstangen vorne erneuert
[T]Koppelstangen ausgeschlagen
[C]Poltergeräusche an der Vorderachse
[R]Koppelstangen vorne erneuert
[T]Koppelstangen ausgeschlagen
"
201302,55300,"[C]Ölfleck hinten unter dem Fahrzeug
[R]Stoßdämpfer hinten erneuert
[T]Stoßdämpfer hinten rechts undicht
[C]Ölfleck hinten unter dem Fahrzeug
[R]Stoßdämpfer hinten erneuert
[T]Stoßdämpfer hinten rechts undicht
"
201306,54840,"[C]Poltergeräusche an der Vorderachse
[R]Koppelstangen vorne beide erneuert
[T]Koppelstangen zu schwach ausgelegt
[C]Poltergeräusche an der Vorderachse
[R]Koppelstangen vorne beide erneuert
[T]Koppelstangen zu schwach ausgelegt
"
201301,55300,"[C]Stoßdämpfer h.l. ist undicht &#40;TÜV Mangel&#41;
[R]Stoßdämpfer h.l. ersetzt
[T]Stoßdämpfer h.l. ist undicht
[C]Stoßdämpfer h.l. ist undicht &#40;TÜV Mangel&#41;
[R]Stoßdämpfer h.l. ersetzt
[T]Stoßdämpfer h.l. ist undicht
"
201301,55300,"[C]Stoßdämpfer h.r. ist undicht
[R]Stoßdämpfer h.r. ersetzt
[T]Stoßdämpfer h.r. ölt
[C]Stoßdämpfer h.r. ist undicht
[R]Stoßdämpfer h.r. ersetzt
[T]Stoßdämpfer h.r. ölt
"
201301,54830,"[C]Poltergeräusche bei unebener Fahrbahn
[R]Stabipendel erneuert
[T]Stabipendel der Vorderachse sind ausgeschlagen. Poltergeräusche bei unebener Fahrbahn
[C]Poltergeräusche bei unebener Fahrbahn
[R]Stabipendel erneuert
[T]Stabipendel der Vorderachse sind ausgeschlagen. Poltergeräusche bei unebener Fahrbahn
"
201304,55300,"[C]Klappergeräusch auf unebener Fahrbahn
[R]Stoßdämpfer hinten ersetzen
[T]Stoßdämpfer hinten undicht-Materialfehler
[L]Stoßdämpfer hinten
[C]Klappergeräusch auf unebener Fahrbahn
[R]Stoßdämpfer hinten ersetzen
[T]Stoßdämpfer hinten undicht-Materialfehler
[L]Stoßdämpfer hinten
"
201305,55300,"[C]Stoßdämpfer hinten rechts undicht &#40;Festgestellt bei der 55000km Inspektion &#41;
[R]Stoßdämpfer hinten rechts ersetzen
[T]Stoßdämpfer fehlerhafte /ungenügende Abdichtung vorhanden
[C]Stoßdämpfer hinten rechts undicht &#40;Festgestellt bei der 55000km Inspektion &#41;
[R]Stoßdämpfer hinten rechts ersetzen
[T]Stoßdämpfer fehlerhafte /ungenügende Abdichtung vorhanden
"
201304,54840,"[C]Klappergeräusch bei unebenerstr
[R]Koppelstangen vorne links und rechts ersetzen
[T]Koppelstangen vorne links und rechts ausgeschlagen
[C]Klappergeräusch bei unebenerstr
[R]Koppelstangen vorne links und rechts ersetzen
[T]Koppelstangen vorne links und rechts ausgeschlagen
"
201303,55300,"[C]Es wurde festgestellt das die hinteren Stoßdämpfer Ölfeucht sind.
[R]Hintere Stossdämpfer wurden erneuert
[T]Materialschwäche, Dämpfer müssen erneuert werden
[C]Es wurde festgestellt das die hinteren Stoßdämpfer Ölfeucht sind.
[R]Hintere Stossdämpfer wurden erneuert
[T]Materialschwäche, Dämpfer müssen erneuert werden
"
201302,55300,"[C]Kunde bekam vom TÜV Mängelliste, mit der Angabe, daß der Stoßdämpfer hi.re. stark feucht sei.
[R]Erneuerung des Stoßdämpfer hi.re.
[T]Nach Begutachtung mußten wir die Angabe des TÜV bestätigen.
[C]Kunde bekam vom TÜV Mängelliste, mit der Angabe, daß der Stoßdämpfer hi.re. stark feucht sei.
[R]Erneuerung des Stoßdämpfer hi.re.
[T]Nach Begutachtung mußten wir die Angabe des TÜV bestätigen.
"
201306,54830,"[C]Abnormale Klopfgeräusche beim Fahren
[R]Koppelstange vl erneuern
[T]Koppelstange vl ausgeschlagen
[C]Abnormale Klopfgeräusche beim Fahren
[R]Koppelstange vl erneuern
[T]Koppelstange vl ausgeschlagen
"
201302,54830,"[C]Bei der TÜV Vprprüfung ausgeschlagene Kopelstange festgestellt.
[R]Koppelstange vl. erneuert.
[T]Koppelstange muss erneuert werden.
[C]Bei der TÜV Vprprüfung ausgeschlagene Kopelstange festgestellt.
[R]Koppelstange vl. erneuert.
[T]Koppelstange muss erneuert werden.
"
201303,54840,"[C]Kunde gibt an: bei der HU ausgeschlagene Koppelstange rechts festgestellt.
[R]Koppelstange erneuert.
[T]Koppelstange ist ausgeschlagen.
[C]Kunde gibt an: bei der HU ausgeschlagene Koppelstange rechts festgestellt.
[R]Koppelstange erneuert.
[T]Koppelstange ist ausgeschlagen.
"
201303,54830,"[C]Kunde gibt an: Geräusch bei Unebenheiten überprüfen.
[R]Koppelstange vorne links erneuert.
[T]Koppelstange vorne links ausgeschlagen.
[C]Kunde gibt an: Geräusch bei Unebenheiten überprüfen.
[R]Koppelstange vorne links erneuert.
[T]Koppelstange vorne links ausgeschlagen.
"
201303,54830,"[T]KUNDE GIBT AN  KLACKERN AN DER VORDERACHSE. BEIDE KOPPEL- STANGEN SIND AUSGESCHLAGEN. KOPPELSTANGEN VORNE ERNEUERT.
"
201307,54830,"[C]Klappern von vorne während der Fahrt
[R]Koppelstange muss erneuert werden
[T]Koppelstange links ausgeschlagen
[C]Klappern von vorne während der Fahrt
[R]Koppelstange muss erneuert werden
[T]Koppelstange links ausgeschlagen
"
201307,54840,"[C]KLAPERN VON DER VA
[R]DRUCKSTANGE ERNEUERN
[T]ERHÖHTES SPIEL DRUCKSTANGE VR
[C]KLAPERN VON DER VA
[R]DRUCKSTANGE ERNEUERN
[T]ERHÖHTES SPIEL DRUCKSTANGE VR
"
201305,54840,"[C]Im Rahmen der Wartung und Probefahrt festgestellt.
[R]Stabistangen vorne erneuern
[T]Stabilisator an der Vorderachse ausgeschlagen haben zu viel Spiel.
[C]Im Rahmen der Wartung und Probefahrt festgestellt.
[R]Stabistangen vorne erneuern
[T]Stabilisator an der Vorderachse ausgeschlagen haben zu viel Spiel.
"
201302,54830,"[C]Geräusche von der Vorderachse
[R]Koppelstange VL ernuern
[T]Koppelstange vorne links defekt
[C]Geräusche von der Vorderachse
[R]Koppelstange VL ernuern
[T]Koppelstange vorne links defekt
"
201303,54830,"[C]Geräusche  VA
[R]Stabistütze VL erneuern
[T]übermäßiges Luftspiel zwischen Kugel und Pfanne der Stabistütze Vl--defekt
[L]1745
[C]Geräusche  VA
[R]Stabistütze VL erneuern
[T]übermäßiges Luftspiel zwischen Kugel und Pfanne der Stabistütze Vl--defekt
[L]1745
"
201304,54830,"[C]Klapper Geräusche von der Vorderachse
[R]Koppelstange vorne erneuert
[T]Koppelstangen ausgeschlagen
[C]Klapper Geräusche von der Vorderachse
[R]Koppelstange vorne erneuert
[T]Koppelstangen ausgeschlagen
"
201302,54840,"[C]Klappern vorne
[R]Koppelstange rechts vorne ersetzt.
[T]Klappern vorne rechts bei unebener Strasse, Koppelstange defekt.
[L]1764
[C]Klappern vorne
[R]Koppelstange rechts vorne ersetzt.
[T]Klappern vorne rechts bei unebener Strasse, Koppelstange defekt.
[L]1764
"
201301,54840,"[C]Klappergeräusche vorne bei unebener Fahrbahn
[R]Koppelstangen ersetzt
[T]Die Klappergeräusche kommen von beiden vorderen Koppelstangen-sind beide ausgeschlagen
"
201304,54830,"[C]Klappergeräusche bei unebener Fahrbahn
[R]Druckstange ersetzt
[T]Druckstange vorne links ist ausgeschlagen
[C]Klappergeräusche bei unebener Fahrbahn
[R]Druckstange ersetzt
[T]Druckstange vorne links ist ausgeschlagen
"
201306,54830,"[C]Klappergeräusche auf unebener Straße
[R]Stabipendel VL. ern.
[T]Stabipendel VL. ausgeschlagen.
[C]Klappergeräusche auf unebener Straße
[R]Stabipendel VL. ern.
[T]Stabipendel VL. ausgeschlagen.
"
201302,54840,"[C]Klappergeräusch bei Unebenheiten
[R]Druckstange erneuern
[T]Druckstange Stabilisator hat Spiel
[C]Klappergeräusch bei Unebenheiten
[R]Druckstange erneuern
[T]Druckstange Stabilisator hat Spiel
"
201302,54830,"[C]Geräusche bei unebenheiten
[R]erneuern
[T]stabipendel ausgeschlagen
[C]Geräusche bei unebenheiten
[R]erneuern
[T]stabipendel ausgeschlagen
"
201301,54840,"[C]Inspektion durchführen
[T]Lenker rechts ausgeschlagen
[C]Inspektion durchführen
[T]Lenker rechts ausgeschlagen
"
201306,54830,"[C]schlagendes Geräusch vorne bei Unebenheiten
[R]Stabi ers.
[T]Stabi hat Spiel
[C]schlagendes Geräusch vorne bei Unebenheiten
[R]Stabi ers.
[T]Stabi hat Spiel
"
201303,54830,"[C]Klappern an der Vorderachse Bereich Unterboden bei unebener Fahrbahn
[R]Koppelstangen beide Seiten erneuert
[T]Koppelstangen beide Seiten ausgeschlagen
[C]Klappern an der Vorderachse Bereich Unterboden bei unebener Fahrbahn
[R]Koppelstangen beide Seiten erneuert
[T]Koppelstangen beide Seiten ausgeschlagen
"
201301,54840,"[C]Poltergeräusch bei Bodenunebenheiten
[R]Koppelstange links und rechts erneuert
[T]Koppelstangen sind verschlissen
[C]Poltergeräusch bei Bodenunebenheiten
[R]Koppelstange links und rechts erneuert
[T]Koppelstangen sind verschlissen
"
201304,54830,"[C]Klopfendes Geräusch vorn aussen
[R]Koppelstange links und rechts erneuern
[T]Koppelstange links und rechts ausgeschlagen
[C]Klopfendes Geräusch vorn aussen
[R]Koppelstange links und rechts erneuern
[T]Koppelstange links und rechts ausgeschlagen
"
201301,54830,"[C]Poltergeräusche auf unebene Straße
[R]Erneuert
[T]Stabistange links defekt
[C]Poltergeräusche auf unebene Straße
[R]Erneuert
[T]Stabistange links defekt
"
201302,54840,"[C]Klappergeräusche vorne.
[R]Beide vordere Koppelstangen erneuert.
[T]Koppelstangen vorne links und rechts haben Spiel. Koppelstange vorne links und rechts ersetzen.
[C]Klappergeräusche vorne.
[R]Beide vordere Koppelstangen erneuert.
[T]Koppelstangen vorne links und rechts haben Spiel. Koppelstange vorne links und rechts ersetzen.
"
201308,54830,"[C]Hinterachsgeräusche prüfen Reparatur nach Absprache
[R]Koppelstange vorne links ersetzt
[T]Die Koppelstange vorne links hat Spiel und muss ersetzt werden
[C]Hinterachsgeräusche prüfen Reparatur nach Absprache
[R]Koppelstange vorne links ersetzt
[T]Die Koppelstange vorne links hat Spiel und muss ersetzt werden
"
201301,54830,"[C]Fahrzeug klappert bei Unebenheiten
[R]Spurstangenkopf links erneuert
[T]Koppelstange links ist ausgeschlagen
[C]Fahrzeug klappert bei Unebenheiten
[R]Spurstangenkopf links erneuert
[T]Koppelstange links ist ausgeschlagen
"
201304,54830,"[C]Poltergeräusche vom Stoßdämpfer
[R]Koppelstange muss ersetzt werden
[T]Koppelstange li ausgeschlagen
[L]1836
[C]Poltergeräusche vom Stoßdämpfer
[R]Koppelstange muss ersetzt werden
[T]Koppelstange li ausgeschlagen
[L]1836
"
201306,55300,"[C]Bei Wartung aufgefallen Stoßdämpfer hinten links undicht
[R]Bei Stoßdämpfer hinten ersetzt
[T]beide hinten ersetzen
"
201302,55300,"[C]Poltern Hinterachse
[R]Stoßdämpfer ersetzt
[T]Stoßdämpfer hinten rechts undicht
[L]1855
[C]Poltern Hinterachse
[R]Stoßdämpfer ersetzt
[T]Stoßdämpfer hinten rechts undicht
[L]1855
"
201302,54840,"[C]Poltern Vorderachse
[R]Koppelstangen links und rechts ersetzt
[T]Geräusche an der Vorderachse
[L]1855
[C]Poltern Vorderachse
[R]Koppelstangen links und rechts ersetzt
[T]Geräusche an der Vorderachse
[L]1855
"
201304,54830,"[C]Klappern vorn
[R]Stabis vorn ersetzen
[T]Klappern von der Vorderachse - Stabis vorn haben Spiel
[L]Stabistangen vorn ersetzt
[C]Klappern vorn
[R]Stabis vorn ersetzen
[T]Klappern von der Vorderachse - Stabis vorn haben Spiel
[L]Stabistangen vorn ersetzt
"
201306,54830,"[C]Klopfgeräusch auf unebener Strasse
[R]Beide Stabilisatorstangen ersetzen
[T]Stabilisatorstangen ausgeschlagen
[C]Klopfgeräusch auf unebener Strasse
[R]Beide Stabilisatorstangen ersetzen
[T]Stabilisatorstangen ausgeschlagen
"
201306,55300,"[C]Öltropfen beim Reifen hinten rechts
[R]Stoßdämpfer hinten rechts ersetzen
[T]Stoßdämpfer hinten rechts undicht
[C]Öltropfen beim Reifen hinten rechts
[R]Stoßdämpfer hinten rechts ersetzen
[T]Stoßdämpfer hinten rechts undicht
"
201306,55300,"[C]Beim Service wurde festgestellt das beide hinteren Stoßdämpfer Öl verlieren
[R]Stoßdämpfer hinten rechts und links erneuern
[T]Stoßdämpfer hinten rechts und links erneuern
[L]1885
[C]Beim Service wurde festgestellt das beide hinteren Stoßdämpfer Öl verlieren
[R]Stoßdämpfer hinten rechts und links erneuern
[T]Stoßdämpfer hinten rechts und links erneuern
[L]1885
"
201301,54830,"[C]Geräusche aus der Vorderachse auf unebener Fahrbahn
[R]Stabistangen vorne erneuert
[T]Stabistangen vorne haben Spiel
[C]Geräusche aus der Vorderachse auf unebener Fahrbahn
[R]Stabistangen vorne erneuert
[T]Stabistangen vorne haben Spiel
"
201304,54830,"[C]Geräusch / Klappern, Poltern bei queren Unebenheiten, bzw. ziemlich holprigen Straßen im hinteren Fahrzeugbereich
[R]beide Stabipendel erneuern
[T]Fzg angehoben und Vorderachse auf Spiel geprüft / beide Stabipendel ausgeschlagen
[C]Geräusch / Klappern, Poltern bei queren Unebenheiten, bzw. ziemlich holprigen Straßen im hinteren Fahrzeugbereich
[R]beide Stabipendel erneuern
[T]Fzg angehoben und Vorderachse auf Spiel geprüft / beide Stabipendel ausgeschlagen
"
201302,54840,"[C]Poltergeräusche von VR
[R]Stabistange VR erneuern inkl. Muttern
[T]Stabistange VR ausgeschlagen
[C]Poltergeräusche von VR
[R]Stabistange VR erneuern inkl. Muttern
[T]Stabistange VR ausgeschlagen
"
201301,55300,"[C]Klopfen aus der Hinterachse bei unebenheit
[R]Stoßdämpfer hinten erneuern
[T]Stoßdämpfer Hinterachse undicht
"
201308,54830,"[C]Poltern beim Fahren
[R]erneuern
[T]ausgeschlagen
[C]Poltern beim Fahren
[R]erneuern
[T]ausgeschlagen
"
201306,55300,"[C]Poltern hinten
[R]erneuern
[T]undicht
[L]VH 1888
[C]Poltern hinten
[R]erneuern
[T]undicht
[L]VH 1888
"
201307,54830,"[C]Geräusche beim fahren auf unebene strasse
[R]stabistange links erneuert
[T]stabistange links ausgeschlagen
[C]Geräusche beim fahren auf unebene strasse
[R]stabistange links erneuert
[T]stabistange links ausgeschlagen
"
201303,54830,"[C]Geräusche am beim Überfahren von Unebenheiten
[R]Pendelstangen ers
[T]Pendelstangen ausgeschlagen
[C]Geräusche am beim Überfahren von Unebenheiten
[R]Pendelstangen ers
[T]Pendelstangen ausgeschlagen
"
201302,54830,"[C]ungewöhnliche Geräusche beim fahren von vorn
[R]Pendel r+l ers
[T]Pendel am Kugelkopf ausgeschlagen, Pendel r+l Matrialfehler
[C]ungewöhnliche Geräusche beim fahren von vorn
[R]Pendel r+l ers
[T]Pendel am Kugelkopf ausgeschlagen, Pendel r+l Matrialfehler
"
201303,54840,"[C]klappern aus dem Unterboden
[R]Pendel vorn ers
[T]Pendel rechts und links ausgeschlagen, Materialfehler
[C]klappern aus dem Unterboden
[R]Pendel vorn ers
[T]Pendel rechts und links ausgeschlagen, Materialfehler
"
201307,54830,"[C]Klappern bei unebener Wegstrecke
[R]Koppelstange vorn links erneuert, Mangel behoben
[T]Koppelstange vorn links erhöhtes Spiel
"
201306,54840,"[T]KUNDE BEANSTANDET  KLOPFENDES GERAEUSCH BEIM BEFHREN VON UNEBENHEITEN AUS DEM VORDEREM FAHRZEUGBEREICH
"
201303,54830,"[C]Geräusche aus Unterboden
[R]Koppelstangen vorne erneuert
[T]Koppelstangen sind ausgeschlagen
[L]1917
[C]Geräusche aus Unterboden
[R]Koppelstangen vorne erneuert
[T]Koppelstangen sind ausgeschlagen
[L]1917
"
201304,55300,"[C]Geräusche aus HA
[R]Dämpfer erneuert
[T]Dämpfer sind undicht
[C]Geräusche aus HA
[R]Dämpfer erneuert
[T]Dämpfer sind undicht
"
201304,55300,"[C]Stoßdämpfer hinten undicht
[R]Stoßdämpfer hinten ersetzen
[T]Stoßdämpfer hinten undicht
[C]Stoßdämpfer hinten undicht
[R]Stoßdämpfer hinten ersetzen
[T]Stoßdämpfer hinten undicht
"
201301,54830,"[C]Geräusche an der Vorderachse
[R]Koppelstangen gewechselt
[T]Koppelstangen defekt
[C]Geräusche an der Vorderachse
[R]Koppelstangen gewechselt
[T]Koppelstangen defekt
"
201303,54830,"[C]Geräusche bei unebener Fahrbahn
[R]Koppelstange ersetzt
[T]Koppelstange ausgeschlagen
[L]1937
[C]Geräusche bei unebener Fahrbahn
[R]Koppelstange ersetzt
[T]Koppelstange ausgeschlagen
[L]1937
"
201303,54840,"[C]Klappern beim fahren auf unebener Fahrbahn
[R]Koppelstangen links und rechts ersetzt
[T]Koppelstange links und rechts ausgeschlagen
[C]Klappern beim fahren auf unebener Fahrbahn
[R]Koppelstangen links und rechts ersetzt
[T]Koppelstange links und rechts ausgeschlagen
"
201307,54830,"[C]Geräusche beim fahren auf unebener Fahrbahn
[R]Koppelstangen vorne links und rechts ersetzen
[T]Koppelstange vorne links und rechts ersetzen
[C]Geräusche beim fahren auf unebener Fahrbahn
[R]Koppelstangen vorne links und rechts ersetzen
[T]Koppelstange vorne links und rechts ersetzen
"
201308,54830,"[C]BEI INSPEKTION FESTGESTELLT
STABILISATORPENDEL VORN LINKS HAT ÜBERHÖHTES SPIEL
[R]STABIPENDEL ERSETZEN
[T]STABIPENDEL VORN LINKS AUSGESCHLAGEN
"
201307,54830,"[C]Vorderachsgeräusche
[R]Stabianlenkung erneuern
[T]Stabianlenkung VA links Spiel im Kugelgelenk
[L]1940
[C]Vorderachsgeräusche
[R]Stabianlenkung erneuern
[T]Stabianlenkung VA links Spiel im Kugelgelenk
[L]1940
"
201301,54840,"[C]Geräusche auf Unebener Fahrfahn
[R]Druckstange erneuert
[T]Koppelstange VR ausgeschlagen
[L]1941
[C]Geräusche auf Unebener Fahrfahn
[R]Druckstange erneuert
[T]Koppelstange VR ausgeschlagen
[L]1941
"
201308,54830,"[C]beim überfahren von Unebenheiten Poltergeräusch von vorn
[R]Druckstange erneuert
[T]Druckstange vorn links ausgeschlagen
"
201301,54840,"[C]Geräusche Vorderachse
[R]Stabilisatorpendel vorn rechts ersetzen
[T]Geräusch überprüfen
[C]Geräusche Vorderachse
[R]Stabilisatorpendel vorn rechts ersetzen
[T]Geräusch überprüfen
"
201301,54840,"[C]Geräusche vorn bei Bodenwellen
[R]Stabilisatorpendel ersetzen
[T]Stabilisatorpendel ausgeschlagen
"
201302,54830,"[C]Bei der Inspektion wurde festgestellt, dass die Stabistange vorne links ausgeschlagen ist
[R]Stabistange vorne links ern.
[T]bei der Inspektion wurde festgestellt, dass die Stabistange vorne links ausgeschlagen ist
[L]Stabistange war ausgeschlagen--wurde bei Inspektion festgestellt
[C]Bei der Inspektion wurde festgestellt, dass die Stabistange vorne links ausgeschlagen ist
[R]Stabistange vorne links ern.
[T]bei der Inspektion wurde festgestellt, dass die Stabistange vorne links ausgeschlagen ist
[L]Stabistange war ausgeschlagen--wurde bei Inspektion festgestellt
"
201302,54830,"[C]Klappergeräusche aus dem vorderen Bereich bei Fahrten über Unebenheiten
[R]Druckstange erneuert
[T]Klopfgeräusche kommen von der Vorderachse--Stabi-Stange  vorne links ist ausgeschlagen
"
201306,54830,"[C]Koppelstange vorne links defekt &#40;Werkstattfeststellung&#41;
[R]Koppelstange vorne links ersetzt
[T]Koppelstange vorne links defekt &#40;Werkstattfeststellung&#41;
[L]1949
[C]Koppelstange vorne links defekt &#40;Werkstattfeststellung&#41;
[R]Koppelstange vorne links ersetzt
[T]Koppelstange vorne links defekt &#40;Werkstattfeststellung&#41;
[L]1949
"
201308,54840,"[C]kLAPPERRERÄUSCHE VORN
[R]KOPPELSTANGEN GEWECHSELT
[T]KOPPELSTANGEN HABEN SPIEL
[C]kLAPPERRERÄUSCHE VORN
[R]KOPPELSTANGEN GEWECHSELT
[T]KOPPELSTANGEN HABEN SPIEL
"
201302,54840,"[C]Klappergeräusche Bei Unebenheiten,Wurde Bei Der Inspektion Festgestellt.
[R]Koppelstange Rechts Erneuern.
[T]Koppelstange Rechts Ausgeschlagen.
[C]Klappergeräusche Bei Unebenheiten,Wurde Bei Der Inspektion Festgestellt.
[R]Koppelstange Rechts Erneuern.
[T]Koppelstange Rechts Ausgeschlagen.
"
201306,55300,"[C]Stoßdämpfer Hinten Rechts Undicht,Wurde Bei Der Inspektion Festgestellt.
[R]Stoßdämpfer Hinten rechts erneuert.
[T]Stoßdämpfer Hinten Rechts Undicht.
[C]Stoßdämpfer Hinten Rechts Undicht,Wurde Bei Der Inspektion Festgestellt.
[R]Stoßdämpfer Hinten rechts erneuert.
[T]Stoßdämpfer Hinten Rechts Undicht.
"
201304,54830,"[C]klappern bei Unebenheiten
[R]Stabigelanke vorn lks rts. ern.
[T]klappern bei Unebenheiten
[C]klappern bei Unebenheiten
[R]Stabigelanke vorn lks rts. ern.
[T]klappern bei Unebenheiten
"
201307,55300,"[C]Stoßdämpfer hinten rechts undicht
[R]Stoßdämpfer hinten rechts erneuern.
[T]undicht
[C]Stoßdämpfer hinten rechts undicht
[R]Stoßdämpfer hinten rechts erneuern.
[T]undicht
"
201303,55300,"[C]Stoßdämpfer hinten prüfen Geräusche
[R]Stoßdämpfer erneuern
[T]Stoßdämpfer hinten rechts undicht
[C]Stoßdämpfer hinten prüfen Geräusche
[R]Stoßdämpfer erneuern
[T]Stoßdämpfer hinten rechts undicht
"
201308,54830,"[C]Klapper/Poltergeräusch Fahrwerk vorn
[R]Wechseln der Stabistange
[T]Stabistange / Halter Links Vorn Spiel
[C]Klapper/Poltergeräusch Fahrwerk vorn
[R]Wechseln der Stabistange
[T]Stabistange / Halter Links Vorn Spiel
"
201308,54840,"[C]Klappergeräusch bei unebener Fahrbahn von der Vorderachse
[R]Stabistangen vorne erneuert
[T]Kugelgelenke der Stabistangen vorne links und rechts ausgeschlagen
"
201302,54840,"[C]Geräusche bei Fahrbahnunebenheiten
[R]Stabistange vorne rechts erneuert
[T]Stabistange vorne rechts ausgeschlagen
"
201303,54840,"[C]Geräusch vorne
[R]Koppelstangen erneuert
[T]Koppelstangen beidseitig ausgeschlagen
[C]Geräusch vorne
[R]Koppelstangen erneuert
[T]Koppelstangen beidseitig ausgeschlagen
"
201305,54830,"[C]Fahrzeug klappert beim Fahren
[R]Koppelstange VL erneuert
[T]Koppelstange VL ausgeschlagen
[C]Fahrzeug klappert beim Fahren
[R]Koppelstange VL erneuert
[T]Koppelstange VL ausgeschlagen
"
201307,55300,"[C]Bei Inspektion fiel auf, dass der Stoßdämpfer hinten rechts undicht ist. Bei Inspektion fiel auf, dass der Stoßdämpfer hinten links undicht ist.
[R]Stoßdämpfer an der HA ersetzt.
[T]Stoßdämpfer an der HA undicht.
"
201305,55300,"[C]beide hinteren Stoßdämpfer verlieren Öl
[R]Stoßdämpfer erneuert
[T]Stoßdämpfer undicht
[C]beide hinteren Stoßdämpfer verlieren Öl
[R]Stoßdämpfer erneuert
[T]Stoßdämpfer undicht
"
201302,54840,"[C]Stabipendel vorn rechts hat Spiel - ausgeschlagen
[R]Stabipendel rechts erneuert
[T]Pendel hat Spiel
[C]Stabipendel vorn rechts hat Spiel - ausgeschlagen
[R]Stabipendel rechts erneuert
[T]Pendel hat Spiel
"
201302,54840,"[C]Klappergeräusch unten
[R]Stabilisatorpendel erneuert
[T]beide Stabilisatorpendel ausgeschlagen - erhöhtes Spiel
[C]Klappergeräusch unten
[R]Stabilisatorpendel erneuert
[T]beide Stabilisatorpendel ausgeschlagen - erhöhtes Spiel
"
201302,54840,"[C]Klappern vorne prüfen
[R]Stabipendel vo.re. erneuert
[T]Stabipendel vorn rechts ausgeschlagen - erhöhtes Spiel
[C]Klappern vorne prüfen
[R]Stabipendel vo.re. erneuert
[T]Stabipendel vorn rechts ausgeschlagen - erhöhtes Spiel
"
201308,54830,"[C]KLAPPERGERÄUSCHE VOM UNTERBODEN
[R]DRUCKSTANGE ERNEUERN
[T]LINKE DRUCKSTANGE AUSGESCHLAGEN
[C]KLAPPERGERÄUSCHE VOM UNTERBODEN
[R]DRUCKSTANGE ERNEUERN
[T]LINKE DRUCKSTANGE AUSGESCHLAGEN
"
201302,54830,"[C]BEI REPARATUR FESTGESTELLT, GERÄUSCHE ACHSE BEI UNEBENHEITEN
[R]BEIDE STABI ERS.
[T]BEIDE STABILISATOREN SPIEL
[C]BEI REPARATUR FESTGESTELLT, GERÄUSCHE ACHSE BEI UNEBENHEITEN
[R]BEIDE STABI ERS.
[T]BEIDE STABILISATOREN SPIEL
"
201304,54830,"[C]Poltergeräusch vorn
[R]Koppelstange vorn links ersetzen
[T]Koppelstange vorn links ausgeschlagen
[L]1983
[C]Poltergeräusch vorn
[R]Koppelstange vorn links ersetzen
[T]Koppelstange vorn links ausgeschlagen
[L]1983
"
201302,54830,"[C]Klappern in der Vorderachse
[R]Koppelstange ersetzt
[T]Koppelstange zu viel Spiel
[C]Klappern in der Vorderachse
[R]Koppelstange ersetzt
[T]Koppelstange zu viel Spiel
"
201303,54830,"[C]starke Poltergeräusche von vorn bei unebenheiten
[R]Gelenkstangen Stabilisator vorn re+li ersetzt
[T]Gelenkstangen Stabilisator vorn ausgeschlagen re+li
[C]starke Poltergeräusche von vorn bei unebenheiten
[R]Gelenkstangen Stabilisator vorn re+li ersetzt
[T]Gelenkstangen Stabilisator vorn ausgeschlagen re+li
"
201302,54830,"[C]knackendes Geräusch aus der Vorderachse
[R]Koppelstange ersetzen
[T]Koppelstange links ausgeschlagen
[C]knackendes Geräusch aus der Vorderachse
[R]Koppelstange ersetzen
[T]Koppelstange links ausgeschlagen
"
201302,54830,"[C]klappern von Vorderachse
[R]Stabipendel v.l. erneuert
[T]Klappern VA Stabipendel v.l. ausgeschlagen
[C]klappern von Vorderachse
[R]Stabipendel v.l. erneuert
[T]Klappern VA Stabipendel v.l. ausgeschlagen
"
201301,54830,"[C]schepperndes Geräusch auf unebener Straße
[R]Stabipendel vorne li. erneuert
[T]Stabipendel vorne links ausgeschlagen
[C]schepperndes Geräusch auf unebener Straße
[R]Stabipendel vorne li. erneuert
[T]Stabipendel vorne links ausgeschlagen
"
201304,55300,"[C]bei der Inspektion /Tüv- festgestellt das Stoßdämpfer undicht sind


[R]Stoßdämpfer HL ern.
[T]Stoßdämpfer HL undicht
[C]bei der Inspektion /Tüv- festgestellt das Stoßdämpfer undicht sind


[R]Stoßdämpfer HL ern.
[T]Stoßdämpfer HL undicht
"
201305,55300,"[C]Stoßdämpfer hinten quietschen
[R]Stoßdämpfer HR ern.
[T]Stoßdämpfer machen Quietschgeräusche, HR
[C]Stoßdämpfer hinten quietschen
[R]Stoßdämpfer HR ern.
[T]Stoßdämpfer machen Quietschgeräusche, HR
"
201307,55300,"[C]Klappergeräusch hinten links auf Unebenheiten
[R]Stossdämpfer hinten links erneuern
[T]Probefahrt durchgeführt, Fzg. auf Hebebühne angehoben, Fahrwerk geprüft, Stossdämpfer hinten links undicht, defekt
[C]Klappergeräusch hinten links auf Unebenheiten
[R]Stossdämpfer hinten links erneuern
[T]Probefahrt durchgeführt, Fzg. auf Hebebühne angehoben, Fahrwerk geprüft, Stossdämpfer hinten links undicht, defekt
"
201307,55300,"[C]Klappergeräusch hinten rechts auf unebenen Fahrbahnen
[R]Stossdämpfer hinten rechts erneuern
[T]Probefahrt durchgeführt, Sichtprüfung auf der Hebebühne durchgeführt, Stossdämpfer hinten rechts undicht, defekt
"
201302,54830,"[C]Klappergeräusch auf schlechter Straße
[R]Koppelstangen beide Seiten vorn erneuert
[T]Koppelstangen beide Seiten Spiel, klappern
[L]2029
[C]Klappergeräusch auf schlechter Straße
[R]Koppelstangen beide Seiten vorn erneuert
[T]Koppelstangen beide Seiten Spiel, klappern
[L]2029
"
201303,54830,"[C]Geräusch bei Bodenwellen
[R]Fahrzeug aufgehoben, Koppelstange erneuert

[T]Geräusch bei Bodenwellen.Koppelstange rechts und links ausgeschlagen
[C]Geräusch bei Bodenwellen
[R]Fahrzeug aufgehoben, Koppelstange erneuert

[T]Geräusch bei Bodenwellen.Koppelstange rechts und links ausgeschlagen
"
201303,54840,"[C]Festegestellt beim Kundendienst am 29.07.2016:
Koppelstange vorne rechts ausgeschlagen
[R]Koppelstange rechts erneuert
[T]Geräusch bei Bodenwellen.Koppelstange rechts ausgeschlagen
[C]Festegestellt beim Kundendienst am 29.07.2016:
Koppelstange vorne rechts ausgeschlagen
[R]Koppelstange rechts erneuert
[T]Geräusch bei Bodenwellen.Koppelstange rechts ausgeschlagen
"
201303,54830,"[C]KLAPPERGERÄUSCHE VON DER VORDERACHSE
[R]KOPPELSTANGE VORNE LINKS ERNEUERT
[T]KOPPELSTANGE VORNE LINKS IST AUSGESCHLAGEN
[C]KLAPPERGERÄUSCHE VON DER VORDERACHSE
[R]KOPPELSTANGE VORNE LINKS ERNEUERT
[T]KOPPELSTANGE VORNE LINKS IST AUSGESCHLAGEN
"
201302,54830,"[C]KLAPPERGERÄUSCHE VON DER VORDERACHSE
[R]KOPPELSTANGEN VORNE ERNEUERT
[T]KOPPELSTANGEN VORNE AUSGESCHLAGEN
[C]KLAPPERGERÄUSCHE VON DER VORDERACHSE
[R]KOPPELSTANGEN VORNE ERNEUERT
[T]KOPPELSTANGEN VORNE AUSGESCHLAGEN
"
201304,54830,"[C]KLAPPERGERÄUSCH AUF UNEBENER STRASSE
[R]STABESTANGE VORNE LINKS ERSETZEN
[T]STABISTANGE VORNE LINKS AUSGESCHLAGEN
[C]KLAPPERGERÄUSCH AUF UNEBENER STRASSE
[R]STABESTANGE VORNE LINKS ERSETZEN
[T]STABISTANGE VORNE LINKS AUSGESCHLAGEN
"
201304,54830,"[C]Klappergeräusch von vorn links hörbar bei Bodenwellen
[R]Koppelstange erneuert
[T]Koppelstange vorn links ausgeschlagen
[C]Klappergeräusch von vorn links hörbar bei Bodenwellen
[R]Koppelstange erneuert
[T]Koppelstange vorn links ausgeschlagen
"
201307,54830,"[C]Poltergeräusch an der Vorderachse links hörbar
[R]Koppelstange erneuern
[T]Koppelstange Stabilisator hat Spiel
[C]Poltergeräusch an der Vorderachse links hörbar
[R]Koppelstange erneuern
[T]Koppelstange Stabilisator hat Spiel
"
201301,54830,"[C]Klopfgeräusche vorne
[R]Koppelstangen rechts und links erneuert
[T]Stabigelenke vorne rechts und links Spiel
[C]Klopfgeräusche vorne
[R]Koppelstangen rechts und links erneuert
[T]Stabigelenke vorne rechts und links Spiel
"
201304,54840,"[C]Koppelstangen re+li ausgeschlagen Tüv Mängel
[R]Koppelstangen ers
[T]Koppelstangen ausgeschlagen
[C]Koppelstangen re+li ausgeschlagen Tüv Mängel
[R]Koppelstangen ers
[T]Koppelstangen ausgeschlagen
"
201302,54840,"[C]Klappergeräusche vorne bes.
[R]Koppelstangen vo re+li ers.
[T]Koppelstangen vo ausgeschlagen
[C]Klappergeräusche vorne bes.
[R]Koppelstangen vo re+li ers.
[T]Koppelstangen vo ausgeschlagen
"
201302,54830,"[C]Poltergeräusche bei unebener Fahrbahn
[R]Stabistangen vorne erneuert
[T]Stabistangen vorne haben Spiel
[C]Poltergeräusche bei unebener Fahrbahn
[R]Stabistangen vorne erneuert
[T]Stabistangen vorne haben Spiel
"
201304,55300,"[C]Polterndes Geräusch von hinten beim Fahren.
[R]Stoßdämpfer h l erneuert.
[T]Stoßdämpfer h l undicht, unzureichende Wirkung.
[C]Polterndes Geräusch von hinten beim Fahren.
[R]Stoßdämpfer h l erneuert.
[T]Stoßdämpfer h l undicht, unzureichende Wirkung.
"
201304,54840,"[C]Starkes Poltern im Bereich Vorderachse.
[R]Pendelstange ersetzt.
[T]Rechte Pendelstange der VA ausgeschlagen.
[C]Starkes Poltern im Bereich Vorderachse.
[R]Pendelstange ersetzt.
[T]Rechte Pendelstange der VA ausgeschlagen.
"
201303,55300,"[C]Fahrzeug macht auf schlechter Straße Geräusche
[R]Stoßdämpfer erneuern
[T]Stoßdämpfer hinten links stark ölundicht
[L]#2057 AH Lemke
[C]Fahrzeug macht auf schlechter Straße Geräusche
[R]Stoßdämpfer erneuern
[T]Stoßdämpfer hinten links stark ölundicht
[L]#2057 AH Lemke
"
201301,54840,"[C]Klackergeräusche bei der Fahrt
[R]Stabi VR erneuert
[T]Stabi VR ausgeschlagen
[C]Klackergeräusche bei der Fahrt
[R]Stabi VR erneuert
[T]Stabi VR ausgeschlagen
"
201303,54830,"[C]POLTERGERÄUSCHE BEI UNEBENER FAHRBAHN
[R]PENDELSTANDGEN ERSETZEN
[T]STABIPENDELSTANGEN HABEN SPIEL
[C]POLTERGERÄUSCHE BEI UNEBENER FAHRBAHN
[R]PENDELSTANDGEN ERSETZEN
[T]STABIPENDELSTANGEN HABEN SPIEL
"
201304,54830,"[C]KLAPPERGERÄUSCHE VOM FAHRWERK
[R]KOPPELSTANGEN ERNUERN
[T]KOPPELSTANGEN AUSGESCHLAGEN
[L]2067
[C]KLAPPERGERÄUSCHE VOM FAHRWERK
[R]KOPPELSTANGEN ERNUERN
[T]KOPPELSTANGEN AUSGESCHLAGEN
[L]2067
"
201307,54830,"[C]Geräusche vorne prüfen
[R]Stabilisatorpendel vorne links ersetzen
[T]Stabilisatorpendel ausgeschlagen
[C]Geräusche vorne prüfen
[R]Stabilisatorpendel vorne links ersetzen
[T]Stabilisatorpendel ausgeschlagen
"
201304,54830,"[C]FAHRZEUG MACHT KNACKGERÄUSCHE AUF UNEBENER FAHRBAHN
[R]KOPPELSTANGEN ERSETZT
[T]FAHRZEUG PRÜFEN/ KOPPELSTANGEN AUSGESCHLAGEN/ KOPPELSTANGEN ERSETZEN
[C]FAHRZEUG MACHT KNACKGERÄUSCHE AUF UNEBENER FAHRBAHN
[R]KOPPELSTANGEN ERSETZT
[T]FAHRZEUG PRÜFEN/ KOPPELSTANGEN AUSGESCHLAGEN/ KOPPELSTANGEN ERSETZEN
"
201301,54830,"[C]GERÄUSCHE AN DER VORDERACHSE BEI UNEBENHEITEN
[R]KOPPELSTANGEN ERSETZT
[T]FAHRZEUG PRÜFEN/ GERÄUSCHE VON KOPPELSTANGEN/ KOPPELSTANGEN AUSGESCHLAGEN/ ERSETZEN
[L]HDS 2072
[C]GERÄUSCHE AN DER VORDERACHSE BEI UNEBENHEITEN
[R]KOPPELSTANGEN ERSETZT
[T]FAHRZEUG PRÜFEN/ GERÄUSCHE VON KOPPELSTANGEN/ KOPPELSTANGEN AUSGESCHLAGEN/ ERSETZEN
[L]HDS 2072
"
201307,54830,"[C]KNACKSGERÄUSCHE VORNE BEI UNEBENHEIT
[R]KOPPELSTANGEN ERNEUERT
[T]KOPPELSTANGEN DEFEKT
[L]HDS 2072
[C]KNACKSGERÄUSCHE VORNE BEI UNEBENHEIT
[R]KOPPELSTANGEN ERNEUERT
[T]KOPPELSTANGEN DEFEKT
[L]HDS 2072
"
201307,54830,"[C]Klappergeräusche bei Fahrbahn- Unebenheiten von der Vorderachse
[R]Stabigelenk ersetzen
[T]Koppelstange VL ausgeschlagen
[C]Klappergeräusche bei Fahrbahn- Unebenheiten von der Vorderachse
[R]Stabigelenk ersetzen
[T]Koppelstange VL ausgeschlagen
"
201306,54830,"[C]Klappergeräusche bei Unebenheiten
[R]Stabi ersetzen
[T]Stabigelenk VL ausgeschlagen
[C]Klappergeräusche bei Unebenheiten
[R]Stabi ersetzen
[T]Stabigelenk VL ausgeschlagen
"
201303,54840,"[C]Bei Wartungsdienst festgestellt
[R]Beide Koppelstangen erneuert. Mangel beseitigt
[T]Beide Koppelstangen sind ausgeschlagen
[C]Bei Wartungsdienst festgestellt
[R]Beide Koppelstangen erneuert. Mangel beseitigt
[T]Beide Koppelstangen sind ausgeschlagen
"
201303,54830,"[C]Bei Wartungsdienst festgestellt: Koppelstange vorne rechts und links ist ausgeschlagen
[R]Koppelstange vorne rechts und links erneuert. Mangel beseitigt
[T]Übermäßiges Spiel in den Kugelköpfen der beiden Koppelstangen
[C]Bei Wartungsdienst festgestellt: Koppelstange vorne rechts und links ist ausgeschlagen
[R]Koppelstange vorne rechts und links erneuert. Mangel beseitigt
[T]Übermäßiges Spiel in den Kugelköpfen der beiden Koppelstangen
"
201308,54830,"[C]Bei Wartungsdienst festgestellt:
[R]Koppelstange vorne re/li erneuert. Mangel beseitigt
[T]Beide vorderen Koppelstangen haben ungewöhnlich viel Spiel
[C]Bei Wartungsdienst festgestellt:
[R]Koppelstange vorne re/li erneuert. Mangel beseitigt
[T]Beide vorderen Koppelstangen haben ungewöhnlich viel Spiel
"
201306,54830,"[C]klappern links vorne
[R]Koppelstange erneuern
[T]Koppelstange mit Spiel
[C]klappern links vorne
[R]Koppelstange erneuern
[T]Koppelstange mit Spiel
"
201304,55300,"[C]bei Wartung festgestellt: Stoßdämpfer hinten ölverlust
[R]Stoßdämpfer re/li. erneuert
[T]Stoßdämpfer hinten ölundicht
[L]T. strate
[C]bei Wartung festgestellt: Stoßdämpfer hinten ölverlust
[R]Stoßdämpfer re/li. erneuert
[T]Stoßdämpfer hinten ölundicht
[L]T. strate
"
201307,54830,"[C]Klackergeäusche Vorderachse auf unebener Straße links
[R]Druckstange links erneuert
[T]Kugelkopfstange ausgeschlagen links
[C]Klackergeäusche Vorderachse auf unebener Straße links
[R]Druckstange links erneuert
[T]Kugelkopfstange ausgeschlagen links
"
201304,54830,"[C]Geräusche bei unebener Strasse
[R]Koppelstangen erneuert
[T]beide Koppelstangen ausgeschlagen
[L]2089
[C]Geräusche bei unebener Strasse
[R]Koppelstangen erneuert
[T]beide Koppelstangen ausgeschlagen
[L]2089
"
201301,54830,"[C]Klappergeräusche bei schlechter Strasse
[R]beide Koppelstangen erneuern
[T]Koppelstangen ausgeschlagen
[C]Klappergeräusche bei schlechter Strasse
[R]beide Koppelstangen erneuern
[T]Koppelstangen ausgeschlagen
"
201304,54840,"[C]Klappern/Poltern Vorderachsbereich bei schlechter Strasse
[R]beide Druckstangen vorn erneuern
[T]beide Druckstangen ausgeschlagen
[C]Klappern/Poltern Vorderachsbereich bei schlechter Strasse
[R]beide Druckstangen vorn erneuern
[T]beide Druckstangen ausgeschlagen
"
201303,55300,"[C]HINTERE STOßDÄMPPFER RECHTS STARK ÖLFEUCHT
[R]DÄMPFER ERNEUERT
[T]FEHLERHAFTE ABDICHTUNG
[C]HINTERE STOßDÄMPPFER RECHTS STARK ÖLFEUCHT
[R]DÄMPFER ERNEUERT
[T]FEHLERHAFTE ABDICHTUNG
"
201303,54840,"[C]Vorderachsgeräusch prüfen
[R]beide koppelstangen ersetzen
[T]beide koppelstangen vorne spiel
[C]Vorderachsgeräusch prüfen
[R]beide koppelstangen ersetzen
[T]beide koppelstangen vorne spiel
"
201303,55300,"[C]Fahrzeug macht auf schlechter Straße hinten Geräusche
[R]Stoßdämpfer hinten ern.
[T]Fahrzeug klappert auf schlechter Straße hinten. Stoßdämpfer hinten sind verölt.
[C]Fahrzeug macht auf schlechter Straße hinten Geräusche
[R]Stoßdämpfer hinten ern.
[T]Fahrzeug klappert auf schlechter Straße hinten. Stoßdämpfer hinten sind verölt.
"
201303,54830,"[C]Klappergeräusche von vorne.
[R]Koppelstangen ersetzen.
[T]Koppelstangen ausgeschlagen. Koppelstangen ersetzen-
"
201308,54840,"[C]Geräusche vn der Vorderachse bei unebener Fahrbahn
[R]Koppelstange erneuert
[T]Koppelstange rechts hat Spiel
[C]Geräusche vn der Vorderachse bei unebener Fahrbahn
[R]Koppelstange erneuert
[T]Koppelstange rechts hat Spiel
"
201306,54830,"[C]Klappergeräusch Fahrzeugboden bei unebener Fahrbahn
[R]Koppelstangen erneuern
[T]Koppelstangen haben Spiel
[C]Klappergeräusch Fahrzeugboden bei unebener Fahrbahn
[R]Koppelstangen erneuern
[T]Koppelstangen haben Spiel
"
201301,54830,"[C]Klappern Vorderachse während Fahrt bei unebener Fahrbahn
[R]beide Stabilisatorstreben der Vorderachse erneuert
[T]beide Stabilisatorstreben der Vorderachse defekt
[C]Klappern Vorderachse während Fahrt bei unebener Fahrbahn
[R]beide Stabilisatorstreben der Vorderachse erneuert
[T]beide Stabilisatorstreben der Vorderachse defekt
"
201308,54830,"[C]Klappern von der Vorderachse bei schlechter Straße
[R]Koppelstangen vorn erneuern
[T]Koppelstangen vorn haben Spiel
[L]2110
"
201301,54840,"[C]poltern von vorne beim fahren
[R]Koppelstange vorne rechts erneuert
[T]Koppelstange vorne rechts ausgeschlagen
[C]poltern von vorne beim fahren
[R]Koppelstange vorne rechts erneuert
[T]Koppelstange vorne rechts ausgeschlagen
"
201301,55300,"[C]Stoßdämpfer hinten undicht
[R]Stoßfänger hinten links erneuert
[T]Stoßdämpfer hinten links undicht
[C]Stoßdämpfer hinten undicht
[R]Stoßfänger hinten links erneuert
[T]Stoßdämpfer hinten links undicht
"
201305,54840,"[C]Klopfgeräusche von der Vorderachse
[R]Beide Koppelstangen erneuert
[T]Koppelstangen rechts und links ausgeschlagen
[C]Klopfgeräusche von der Vorderachse
[R]Beide Koppelstangen erneuert
[T]Koppelstangen rechts und links ausgeschlagen
"
201301,54840,"[C]Klappergeräusche am Unterboden
[R]Geräusche lokaliesiert, Fahrwerk überprüft Stabi VL + VR erneuert
[T]Fahrwerk Geräusche Vorderachse Koppelstange vorne ausgeschlagen L + R
[C]Klappergeräusche am Unterboden
[R]Geräusche lokaliesiert, Fahrwerk überprüft Stabi VL + VR erneuert
[T]Fahrwerk Geräusche Vorderachse Koppelstange vorne ausgeschlagen L + R
"
201305,55300,"[C]Stossdämpfer hinten undicht
[R]Beide Stossdämpfer an Hinterachse erneuert
[T]Stossdämmpfer Materialfehler
[C]Stossdämpfer hinten undicht
[R]Beide Stossdämpfer an Hinterachse erneuert
[T]Stossdämmpfer Materialfehler
"
201302,54830,"[C]POLTERN VOM FAHRWERK BEI FAHRBAHNUNEBENHEITEN
[R]Koppelstangen vorne erneuert
[T]Koppelstangen vorne ausgeschlagen
[C]POLTERN VOM FAHRWERK BEI FAHRBAHNUNEBENHEITEN
[R]Koppelstangen vorne erneuert
[T]Koppelstangen vorne ausgeschlagen
"
201301,54830,"[C]Geräusche  bei unebener Fahrbahn
[R]Beide Koppelstangen vorn erneuert
[T]KOPPELSTANGEN BEIDE SEITEN VORN AUSGESCHLAGE
[C]Geräusche  bei unebener Fahrbahn
[R]Beide Koppelstangen vorn erneuert
[T]KOPPELSTANGEN BEIDE SEITEN VORN AUSGESCHLAGE
"
201307,55300,"[C]poltern hinten
[T]Stossdämpfer hinten recht ölundicht
[C]poltern hinten
[T]Stossdämpfer hinten recht ölundicht
"
201306,54830,"[C]Poltergeräusche vorne beheben
[R]Koppelstange vorne links ersetzt
[T]Probefahrt -> Sichtprüfung auf Hebebühne -> Koppelstange vorne links ausgeschlagen
[C]Poltergeräusche vorne beheben
[R]Koppelstange vorne links ersetzt
[T]Probefahrt -> Sichtprüfung auf Hebebühne -> Koppelstange vorne links ausgeschlagen
"
201303,54840,"[C]Klappergeräusche bei unebener Fahrbahn
[R]Koppelstangen beide Seiten ersetzt
[T]Koppelstangen vorne beide Seiten ausgeschlagen/lose
[C]Klappergeräusche bei unebener Fahrbahn
[R]Koppelstangen beide Seiten ersetzt
[T]Koppelstangen vorne beide Seiten ausgeschlagen/lose
"
201303,54830,"[C]Klappert vorne links an der Vorderachse
[R]Koppelstange vorne links erneuern
[T]Koppelstange vorne links ausgeschlagen
[L]2142 Einreichfrist durch systemumstellung überschritten
[C]Klappert vorne links an der Vorderachse
[R]Koppelstange vorne links erneuern
[T]Koppelstange vorne links ausgeschlagen
[L]2142 Einreichfrist durch systemumstellung überschritten
"
201304,54830,"[C]Poltergeräusche auf unebenen Straßen
[R]Lenker links erneuert, Probefahrt , Geräusche waren beseitigt.
[T]Kugelbolzen in Führung der Koppelstange ausgeschlagen
[L]2145
[C]Poltergeräusche auf unebenen Straßen
[R]Lenker links erneuert, Probefahrt , Geräusche waren beseitigt.
[T]Kugelbolzen in Führung der Koppelstange ausgeschlagen
[L]2145
"
201305,54830,"[C]Geräusch auf unebener Fahrbahn.
[R]Koppelstange vorne links erneuert
[T]Koppelstange vorne links hat spiel
[C]Geräusch auf unebener Fahrbahn.
[R]Koppelstange vorne links erneuert
[T]Koppelstange vorne links hat spiel
"
201304,54830,"[C]Vorderachse klappert auf unebener Straße
[R]Stabistütze links erneuert
[T]Stabiabstützung links ausgeschlagen
[C]Vorderachse klappert auf unebener Straße
[R]Stabistütze links erneuert
[T]Stabiabstützung links ausgeschlagen
"
201301,54840,"[C]Klappern aus dem vorderen Bereich
[R]Stabilisator vorn rechts erneuert
[T]Stabilisator vorn rechts ausgeschlagen
[C]Klappern aus dem vorderen Bereich
[R]Stabilisator vorn rechts erneuert
[T]Stabilisator vorn rechts ausgeschlagen
"
201303,54830,"[C]KLAPPERN VORDERACHSE BEI LASTWECHSEL
[R]STABISTANGEN ERSETZEN
[T]GERÄUSCHE STABISTANGEN VORNE
[C]KLAPPERN VORDERACHSE BEI LASTWECHSEL
[R]STABISTANGEN ERSETZEN
[T]GERÄUSCHE STABISTANGEN VORNE
"
201303,54830,"[C]Geräusche &#40;Klappern&#41; unter dem Fahrzeug
[R]Koppelstange vorne links aus-/einbauen und ersetzen
[T]Koppelstange vorne links hat zu viel Spiel, ist ausgeschlagen
[L]2162
[C]Geräusche &#40;Klappern&#41; unter dem Fahrzeug
[R]Koppelstange vorne links aus-/einbauen und ersetzen
[T]Koppelstange vorne links hat zu viel Spiel, ist ausgeschlagen
[L]2162
"
201306,54830,"[C]Kunde bemängelt Klappergeräusche aus Unterbodenbereich
[R]Koppelstangen erneuert
[T]Koppelstangen ausgeschlagen
[C]Kunde bemängelt Klappergeräusche aus Unterbodenbereich
[R]Koppelstangen erneuert
[T]Koppelstangen ausgeschlagen
"
201302,54830,"[C]Fahrzeug macht Geräusche
[R]Lenker links und rechts erneuert
[T]Lenker links und rechts ausgeschlagen
[C]Fahrzeug macht Geräusche
[R]Lenker links und rechts erneuert
[T]Lenker links und rechts ausgeschlagen
"
201306,54830,"[C]Klappergeräusch auf unebener Straße
[R]Koppelstange erneuert
[T]Gelenk der Koppelstange vorn links hat Spiel
[C]Klappergeräusch auf unebener Straße
[R]Koppelstange erneuert
[T]Gelenk der Koppelstange vorn links hat Spiel
"
201302,54830,"[C]Geräusch von vorne.
[R]Stabipendel vorne links erneuert.
[T]Geräusch auf schlechter Strasse von vorne links. Stabipendel vorne links macht Geräusche.
[C]Geräusch von vorne.
[R]Stabipendel vorne links erneuert.
[T]Geräusch auf schlechter Strasse von vorne links. Stabipendel vorne links macht Geräusche.
"
201304,54830,"[C]Geräusch vorne links.
[R]Koppelstange vorne links erneuert.
[T]Koppelstange vorne links mit Spiel.
[C]Geräusch vorne links.
[R]Koppelstange vorne links erneuert.
[T]Koppelstange vorne links mit Spiel.
"
201302,55300,"[C]Poltern an der Hinterachse.
[R]Stoßdämpfer hinten erneuert
[T]Klopfendes Geräusch von der Hinterachse. Stoßdämpfer verölt / undicht
[C]Poltern an der Hinterachse.
[R]Stoßdämpfer hinten erneuert
[T]Klopfendes Geräusch von der Hinterachse. Stoßdämpfer verölt / undicht
"
201302,54830,"[C]klapperndes Geräusch auf Unebenheiten
[T]Koppelstange vorne links ausgeschlagen
[C]klapperndes Geräusch auf Unebenheiten
[T]Koppelstange vorne links ausgeschlagen
"
201303,54830,"[C]klapperndes Geräusch auf Unebenheiten
[T]Koppelstangen li. u. re. ausgeschlagen
[C]klapperndes Geräusch auf Unebenheiten
[T]Koppelstangen li. u. re. ausgeschlagen
"
201304,54830,"[C]klackerndes Geräusch vorne
[T]Stabi-Stangen re. und li. ausgeschlagen
[C]klackerndes Geräusch vorne
[T]Stabi-Stangen re. und li. ausgeschlagen
"
201302,54840,"[C]Klappergeräusch rechts hinten
[R]Stabistange erneuert
[T]Stabilisatorstange rechts ausgeschlagen
[C]Klappergeräusch rechts hinten
[R]Stabistange erneuert
[T]Stabilisatorstange rechts ausgeschlagen
"
201302,54840,"[C]GERÄUSCHE BEI UNEBENHEITEN
[R]STABIPENDEL RE ERS.
[T]STABI RE ERH SPIEL
[C]GERÄUSCHE BEI UNEBENHEITEN
[R]STABIPENDEL RE ERS.
[T]STABI RE ERH SPIEL
"
201302,54840,"[C]Klappergeräusch bei unebener Fahrbahn
[R]Pendelstabi erneuert
[T]Pendelstabi vorn rechts ausgeschlagen
[C]Klappergeräusch bei unebener Fahrbahn
[R]Pendelstabi erneuert
[T]Pendelstabi vorn rechts ausgeschlagen
"
201308,54830,"[C]Fahrzeug macht Poltergeräusche von vorne
[R]Stabiverbinder vorne links ersetzt
[T]Stabiverbinder vorne links ausgeschlagen
[L]2180
[C]Fahrzeug macht Poltergeräusche von vorne
[R]Stabiverbinder vorne links ersetzt
[T]Stabiverbinder vorne links ausgeschlagen
[L]2180
"
201302,54830,"[C]Fahrzeug poltert an der Vorderachse
[R]Koppelstange vorne links ersetzt
[T]Koppelstange vorne links defekt
[L]2180
[C]Fahrzeug poltert an der Vorderachse
[R]Koppelstange vorne links ersetzt
[T]Koppelstange vorne links defekt
[L]2180
"
201304,54830,"[C]Bei Kundendienst festgestellt: Koppelstange vorne links ist ausgeschlagen
[R]Koppelstange vorne links erneuert.
[T]Koppelstange links ist ausgeschlagen
"
201307,54830,"[C]Klappern aus dem Motor /Fahrwerk
[R]Koppelstange links ersetzt
[T]Koppelstange links erhötes Spiel
[C]Klappern aus dem Motor /Fahrwerk
[R]Koppelstange links ersetzt
[T]Koppelstange links erhötes Spiel
"
201303,54830,"[C]Klappergeräusch beim Fahren von vorne links
[R]Stabipendel vorne links erneuert
[T]Klappergeräusch beim Fahren von vorne links, Klappergeräusch geprüft -> Stabipendel links ausgeschlagen
[C]Klappergeräusch beim Fahren von vorne links
[R]Stabipendel vorne links erneuert
[T]Klappergeräusch beim Fahren von vorne links, Klappergeräusch geprüft -> Stabipendel links ausgeschlagen
"
201301,54830,"[T]DIAGNOSE  KLAPPERGERAEUSCH VON HINTEN BEIM FAHREN, FAHRZEUG ANGEHOBEN UND GEPRUEFT -  KOPPELSTANGE VORNE LINKS IST AUSGESCHLAGEN, KOPPELSTANGE VORNE LINKS ERNEUERN
"
201301,54830,"[C]Klappern vom Fahrwerk bei unebener Fahrbahn.
[R]Koppelstangen erneuert.
[T]Klappergeräusch bei unebener Fahrbahn.
[C]Klappern vom Fahrwerk bei unebener Fahrbahn.
[R]Koppelstangen erneuert.
[T]Klappergeräusch bei unebener Fahrbahn.
"
201304,54830,"[C]Klackergeräusche bei unebener Fahrbahn.
[R]Koppelstangen erneuert.
[T]Geräusch während der Fahrt, Koppelstangen defekt.
[C]Klackergeräusche bei unebener Fahrbahn.
[R]Koppelstangen erneuert.
[T]Geräusch während der Fahrt, Koppelstangen defekt.
"
201303,54830,"[C]Klappergeräusche während der Fahrt.
[R]Lenker links erneuert.
[T]Lenker links ausgeschlagen.
[C]Klappergeräusche während der Fahrt.
[R]Lenker links erneuert.
[T]Lenker links ausgeschlagen.
"
201305,55300,"[C]Öltropfen am Boden bei Wartung undichter Stoßdämpfer hi re festgestellt
[R]Stoßdämpfer hinten rechts erneuert
[T]Stoßdämpfer Abdichtung mangelhaft
"
201302,55300,"[C]Feststellung im Rahmen der 3. Wartung: Schwingungsdämpfer h.r. stark verölt
[R]Schwingungsdämpfer ers.
[T]Schwingungsdämpfer undicht/oelverlust
[C]Feststellung im Rahmen der 3. Wartung: Schwingungsdämpfer h.r. stark verölt
[R]Schwingungsdämpfer ers.
[T]Schwingungsdämpfer undicht/oelverlust
"
201301,54830,"[C]Im Rahmen der Wartung festgestellt, dass die  linke Koppelstange ausgeschlagen ist.
[R]Koppelstange vorne links a+e, ern.
[T]übermäßiges Spiel
"
201302,54830,"[C]va und ha klappert
[R]koppelstange vl und vr erneuert
[T]s.o. koppelstangen va spiel geräuche
[C]va und ha klappert
[R]koppelstange vl und vr erneuert
[T]s.o. koppelstangen va spiel geräuche
"
201304,54830,"[C]Hauptuntersuchung in Auftrag gegeben
[R]Druckstange erneuert
[T]Druckstange ausgeschlagen ->erheblicher Mangel in Bezug auf die Hauptuntersuchung
[C]Hauptuntersuchung in Auftrag gegeben
[R]Druckstange erneuert
[T]Druckstange ausgeschlagen ->erheblicher Mangel in Bezug auf die Hauptuntersuchung
"
201302,54830,"[C]Klappergeräusche von vorne
[R]Stabilisatoren erneuert erneruer
[T]Stabilisatorengelenke ausgeschlagen defekt
[L]2209
[C]Klappergeräusche von vorne
[R]Stabilisatoren erneuert erneruer
[T]Stabilisatorengelenke ausgeschlagen defekt
[L]2209
"
201303,54830,"[C]Klappergeräusche an der Vorderachse bei unebener Fahrbahn
[R]Druckstreben vorne rechts und links erneuert
[T]leicht erhöhtes Spiel in den Druckstreben vorne rechts und links
[C]Klappergeräusche an der Vorderachse bei unebener Fahrbahn
[R]Druckstreben vorne rechts und links erneuert
[T]leicht erhöhtes Spiel in den Druckstreben vorne rechts und links
"
201302,55300,"[C]Bei Direktannahme festgestellt, Stoßdämpfer hinten rechts undicht.
[R]Stoßdämpfer hi. re. ern.
[T]Stoßdämpfer hinten rechts undicht.
[C]Bei Direktannahme festgestellt, Stoßdämpfer hinten rechts undicht.
[R]Stoßdämpfer hi. re. ern.
[T]Stoßdämpfer hinten rechts undicht.
"
201306,54830,"[C]KUNDE GIBT AN: Klopfgeräusche im vorderen Bereich prüfen
[R]Stabiverbindungsstangen erneuert:
[T]Prüfung ergab Stabiverbindungsstangen vorne ausgeschlagen
müssen erneuert werden
[C]KUNDE GIBT AN: Klopfgeräusche im vorderen Bereich prüfen
[R] Stabiverbindungsstangen erneuert:
[T]Prüfung ergab Stabiverbindungsstangen vorne ausgeschlagen
müssen erneuert werden
"
201304,54840,"[C]Geräusche beim durchfahren von Fahrbahnunebenheiten
[R]beide Stabilisator Stützen vorn ersetzt
[T]beide Stabilisator  Stützen Vorderachse ausgeschlagen
[C]Geräusche beim durchfahren von Fahrbahnunebenheiten
[R]beide Stabilisator Stützen vorn ersetzt
[T]beide Stabilisator  Stützen Vorderachse ausgeschlagen
"
201307,54830,"[C]Klappern aus Bereich Vorderachse
[R]Koppelstange vorne rechts erneuert
[T]Koppelstange vorne rechts defekt
[C]Klappern aus Bereich Vorderachse
[R]Koppelstange vorne rechts erneuert
[T]Koppelstange vorne rechts defekt
"
201304,54830,"[C]Klappern vorne prüfen.
[R]Erneuerung beider Koppelstangen an der Vorderachse.
[T]Anormale Klappergeräusche kommen während der Fahrt von der Vorderachse. Die Kugelköpfe der beiden Koppelstangen sind ausgeschlagen und weisen erhöhtes Spiel auf.
[C]Klappern vorne prüfen.
[R]Erneuerung beider Koppelstangen an der Vorderachse.
[T]Anormale Klappergeräusche kommen während der Fahrt von der Vorderachse. Die Kugelköpfe der beiden Koppelstangen sind ausgeschlagen und weisen erhöhtes Spiel auf.
"
201305,54830,"[C]Klappern vorn.
[R]Erneuerung von beiden Koppelstangen Vorderachse.
[T]Ein Klappergeräusch kommt von der Vorderachse während Fahrten über unebenen Straßen. Ursache dafür sind ausgeschlagene Kugelköpfe beider Koppelstangen.
"
201301,54830,"[C]Klappern an der Vorderachse.
[R]Koppelstangen Vorderachse erneuert.
[T]Während der Fahrt kommen anormale Klappergeräusche von der Vorderachse. Ursache dafür sind ausgeschlagene Kugelköpfe beider vorderen Koppelstangen.
"
201303,54830,"[C]Klappern re und links bei unebener Fahrbahn
[R]Stabistangen li u re erneuern
[T]Stabistangen avorn ausgeschlagen
[L]2230
[C]Klappern re und links bei unebener Fahrbahn
[R]Stabistangen li u re erneuern
[T]Stabistangen avorn ausgeschlagen
[L]2230
"
201303,54830,"[T]KUNDE GIBT AN KLAPPERGERAEUSCH VORN BEIM UEBERFAHREN VON UNEBENHEITEN GELENKE BEIDER STABISTANGEN HABEN SPIEL,AUSGESCHLAGEN
"
201304,54830,"[C]Unterbodengeräusch bei Fahrten über Unebenheiten
[R]Stabistreben erneuern
[T]Stabistreben vorne rechts und links ausgeschlagen
[C]Unterbodengeräusch bei Fahrten über Unebenheiten
[R]Stabistreben erneuern
[T]Stabistreben vorne rechts und links ausgeschlagen
"
201306,54830,"[C]Bei Unebenheiten Poltergeräusche von hinten
[R]Stabistreben beidseitig erneuert
[T]Stabistreben ausgeschlagen
[C]Bei Unebenheiten Poltergeräusche von hinten
[R]Stabistreben beidseitig erneuert
[T]Stabistreben ausgeschlagen
"
201301,54830,"[C]klappergeräusche beim fahren
[R]koppelstangen vorne erneuern
[T]Koppelstangen vorne ausgeschlagen
[C]klappergeräusche beim fahren
[R]koppelstangen vorne erneuern
[T]Koppelstangen vorne ausgeschlagen
"
201302,54840,"[C]Geräusch vorne bei Unebenheiten
[R]Stabistangen vorne links und rechts erneuert
[T]Stabistangen vorne links und rechts ausgeschlagen
[C]Geräusch vorne bei Unebenheiten
[R]Stabistangen vorne links und rechts erneuert
[T]Stabistangen vorne links und rechts ausgeschlagen
"
201306,54840,"[C]KLOPFENDES GERÄUSCH BEI UNEBENER FAHRBAHN
[R]STABIGELENKE VORNE LINKS UND RECHTS ERNEUERT
[T]STABIGELENKE VORNE LINKS UND RECHTS AUSGESCHLAGEN
[C]KLOPFENDES GERÄUSCH BEI UNEBENER FAHRBAHN
[R]STABIGELENKE VORNE LINKS UND RECHTS ERNEUERT
[T]STABIGELENKE VORNE LINKS UND RECHTS AUSGESCHLAGEN
"
201304,54840,"[C]KLAPPERGERÄUSCH IM BEREICH DER VORDERACHSE
[R]STABISTANGEN VORNE LINKS UND RECHTS ERNEUERT
[T]STABISTANGEN VORNE HABEN SPIEL
[C]KLAPPERGERÄUSCH IM BEREICH DER VORDERACHSE
[R]STABISTANGEN VORNE LINKS UND RECHTS ERNEUERT
[T]STABISTANGEN VORNE HABEN SPIEL
"
201307,54830,"[C]METALLISCHES KLAPPERN IM VORDEREN BEREICH
[R]STABIGELENKE VORNE LINKS UND RECHTS ERNEUERT
[T]BEIDE STABIGELENKE VORNE AUSGESCHLAGEN
[C]METALLISCHES KLAPPERN IM VORDEREN BEREICH
[R]STABIGELENKE VORNE LINKS UND RECHTS ERNEUERT
[T]BEIDE STABIGELENKE VORNE AUSGESCHLAGEN
"
201301,54830,"[C]KLAPPERN VORNE BEI UNEBENER WEGSTRECKE
[R]STABISTANGE VORNE LINKSERNEUERT
[T]STABISTANGE VORNE LINKS AUSGESCHLAGEN
[C]KLAPPERN VORNE BEI UNEBENER WEGSTRECKE
[R]STABISTANGE VORNE LINKSERNEUERT
[T]STABISTANGE VORNE LINKS AUSGESCHLAGEN
"
201304,54830,"[C]AUF PROBEFAHRT FESTGESTELLT, KLAPPERGERÄUSCHE
[R]STABISTANGE VORNE RECHTS ERNEUERT
[T]STABISTANGE VORNE RECHTS AUSGESCHLAGEN
[C]AUF PROBEFAHRT FESTGESTELLT, KLAPPERGERÄUSCHE
[R]STABISTANGE VORNE RECHTS ERNEUERT
[T]STABISTANGE VORNE RECHTS AUSGESCHLAGEN
"
201304,54840,"[C]GERÄUSCHE IM VORDERWAGEN BEIM FAHREN ÜBER BODENWELLEN ODER UNEBENHEITEN
[R]STABISTANGE VORNE RECHTS ERNEUERT
[T]STABISTANGE VORNE RECHTS AUSGESCHLAGEN
[C]GERÄUSCHE IM VORDERWAGEN BEIM FAHREN ÜBER BODENWELLEN ODER UNEBENHEITEN
[R]STABISTANGE VORNE RECHTS ERNEUERT
[T]STABISTANGE VORNE RECHTS AUSGESCHLAGEN
"
201303,55300,"[C]POLTERGERÄUSCHE BEI FAHREN ÜBER BODENWELLEN UND UNEBENHEITEN IM HECKBEREICH
[R]STOSSDÄMPFER HINTEN RECHTS ERNEUERT
[T]STOSSDÄMPFER HINTEN RECHTS UNDICHT-ÖLAUSTRITT
[C]POLTERGERÄUSCHE BEI FAHREN ÜBER BODENWELLEN UND UNEBENHEITEN IM HECKBEREICH
[R]STOSSDÄMPFER HINTEN RECHTS ERNEUERT
[T]STOSSDÄMPFER HINTEN RECHTS UNDICHT-ÖLAUSTRITT
"
201303,54840,"[C]LAUTES KLACKERN BEI FAHRTEN ÜBER UNEBENHEOITEN
[R]BEIDE STABISTANGEN ERNEUERT
[T]STABISTANGE VORNE RECHTS UND VORNE LINKS AUSGESCHLAGEN
[C]LAUTES KLACKERN BEI FAHRTEN ÜBER UNEBENHEOITEN
[R]BEIDE STABISTANGEN ERNEUERT
[T]STABISTANGE VORNE RECHTS UND VORNE LINKS AUSGESCHLAGEN
"
201307,55300,"[C]Bei der Direktannahme wurde festgestellt, dass die Stoßdämpfer der HA undicht sind.
[R]Stoßdämpfer HA erneuert
[T]Stoßdämpfer HA undicht
"
201303,54830,"[C]Geräusche beim Fahren......................................................
[R]Beide Stabilisatorpendel erneuern.........................................
[T]Beide Stabilisatorpendel haben Spiel und machen Geräusche
[C]Geräusche beim Fahren......................................................
[R]Beide Stabilisatorpendel erneuern.........................................
[T]Beide Stabilisatorpendel haben Spiel und machen Geräusche
"
201302,54830,"[C]Schlagendes Geräusch an der Vorderachse im Fahrbetrieb
[R]Beide vorderen Koppelstangen erneuert
[T]Koppelstangen VA defekt
[C]Schlagendes Geräusch an der Vorderachse im Fahrbetrieb
[R]Beide vorderen Koppelstangen erneuert
[T]Koppelstangen VA defekt
"
201302,54830,"[C]Geräusch Vorderachse bei unebener Fahrbahn
[R]Beide vorderen Koppelstangen erneuert
[T]Koppelstangen VA defekt
[C]Geräusch Vorderachse bei unebener Fahrbahn
[R]Beide vorderen Koppelstangen erneuert
[T]Koppelstangen VA defekt
"
201304,54830,"[C]POLTERGERÄUSCHE VA
[R]STABI ERN
[T]STABI VL ERHÖHTES SPIEL
[C]POLTERGERÄUSCHE VA
[R]STABI ERN
[T]STABI VL ERHÖHTES SPIEL
"
201301,54840,"[C]Poltern von der Vorderachse beim überfahren von unebener Fahrbahn
[T]erhöhte Abnutzung im Kugelkopf der rechten Druckstange und dadurch erhöhtes Spiel
[C]Poltern von der Vorderachse beim überfahren von unebener Fahrbahn
[T]erhöhte Abnutzung im Kugelkopf der rechten Druckstange und dadurch erhöhtes Spiel
"
201304,55300,"[C]Bei Werkstattaufenthalt festgestellt das der Rechte hintere Stoßdämpfer undicht ist
[R]Stoßdämpfer hinten rechts erneuert
[T]Durch einen nachlassenden Anpressdruck der Dichtlippe zum Simmerering im Stoßdämpfer , konnte Öl austreten
[C]Bei Werkstattaufenthalt festgestellt das der Rechte hintere Stoßdämpfer undicht ist
[R]Stoßdämpfer hinten rechts erneuert
[T]Durch einen nachlassenden Anpressdruck der Dichtlippe zum Simmerering im Stoßdämpfer , konnte Öl austreten
"
201304,54830,"[C]Klappern von der Vorderachse
[R]Beide Koppelstangen erneuert
[T]Durch starke Beanspruchung zum Kugelkopf der Koppelstange entstand eine erhöhte Abnutzung und dadurch erhöhtes Spiel
[C]Klappern von der Vorderachse
[R]Beide Koppelstangen erneuert
[T]Durch starke Beanspruchung zum Kugelkopf der Koppelstange entstand eine erhöhte Abnutzung und dadurch erhöhtes Spiel
"
201304,55300,"[C]Stoßdämpfer hinten Ölverlust , bei Inspektion festgestellt
[R]Beide Stoßdämpfer der Hinterachse erneuert
[T]Durch zu geringen Anpressdruck des Simmerrings zur Kolbenstange der Stoßdämpfer konnte Öl austreten
[C]Stoßdämpfer hinten Ölverlust , bei Inspektion festgestellt
[R]Beide Stoßdämpfer der Hinterachse erneuert
[T]Durch zu geringen Anpressdruck des Simmerrings zur Kolbenstange der Stoßdämpfer konnte Öl austreten
"
201303,54830,"[C]Geräusch bei Bodenwellen
[R]Teilersatz
[T]Kopplstange li ausgeschlagen
[C]Geräusch bei Bodenwellen
[R]Teilersatz
[T]Kopplstange li ausgeschlagen
"
201306,54830,"[C]klappern bei überfahren von Unebenheiten
[R]Stabilisatorpendel links ersetzt
[T]Halter Stabilisator vorne links ausgeschlagen
[C]klappern bei überfahren von Unebenheiten
[R]Stabilisatorpendel links ersetzt
[T]Halter Stabilisator vorne links ausgeschlagen
"
201307,54840,"[C]Poltergeräusche von der Vorderachse kommend
[R]Koppelstangen vorne erneuert
[T]Kugelköpfe der Koppelstangen haben erhöhtes Spiel
[C]Poltergeräusche von der Vorderachse kommend
[R]Koppelstangen vorne erneuert
[T]Kugelköpfe der Koppelstangen haben erhöhtes Spiel
"
201305,54840,"[C]Geräuschentwicklung bei unebener Fahrbahn
[R]Stabistreben vorne rechts und links erneuert
[T]Kugelgelenk der Stabistreben vorn ausgeschlagen
"
201303,54840,"[C]bei der Hauptvoruntersuchung festgestellt: Stabi vorne rechts ausgeschlagen
[R]Stabi vorne rechts erneuert
[T]Stabi vorne rechts ausgeschlagen
[C]bei der Hauptvoruntersuchung festgestellt: Stabi vorne rechts ausgeschlagen
[R]Stabi vorne rechts erneuert
[T]Stabi vorne rechts ausgeschlagen
"
201307,54840,"[C]Klappergeräsuche von der Vorderachse
[R]Koppelstangen erneuert
[T]Koppelstangen sind ausgeschlagen
[C]Klappergeräsuche von der Vorderachse
[R]Koppelstangen erneuert
[T]Koppelstangen sind ausgeschlagen
"
201308,54830,"[C]Bei Bodenwellen sind Klappergeräusche zu hören
[R]Stabilisatoren rechts und links erneuert
[T]Stabistreben klappern bei Unebenheiten
[C]Bei Bodenwellen sind Klappergeräusche zu hören
[R]Stabilisatoren rechts und links erneuert
[T]Stabistreben klappern bei Unebenheiten
"
201305,54830,"[C]Stabistangen sind ausgeschlagen
[R]Stabistangen vorne beide ersetzt
[T]Stabistangen sind ausgeschlagen
[C]Stabistangen sind ausgeschlagen
[R]Stabistangen vorne beide ersetzt
[T]Stabistangen sind ausgeschlagen
"
201301,54830,"[C]Geräusch mittig hinten bei Bodenwellen ab 20km/h
[R]Beise Stabipendel ersetzen
[T]Beide Stabipendel vorne sind ausgeschlagen
[C]Geräusch mittig hinten bei Bodenwellen ab 20km/h
[R]Beise Stabipendel ersetzen
[T]Beide Stabipendel vorne sind ausgeschlagen
"
201303,54830,"[C]Geraeusche bei Bodenwellen
[R]Beide Stabipendel Vorderachse ersetzt
[T]Beide Stabipendel Vorderachse sind ausgeschlagen
[C]Geraeusche bei Bodenwellen
[R]Beide Stabipendel Vorderachse ersetzt
[T]Beide Stabipendel Vorderachse sind ausgeschlagen
"
201306,54830,"[C]Wenn man ueber Bodenwellen faehrt klapper Geraeusch von Vorderachse
[R]Beide vordere Stabilisatorpendel ersetzt
[T]Beide STabilisatorpendel vorne sind ausgeschlagen
"
201305,54830,"[C]Bei Wartung festgestellt: Beide Stabipendel vorne ausgeschlagen
[R]Bei Stabipendel Vorderachse ersetzt
[T]Beide Stabipendel ausgeschlagen
[C]Bei Wartung festgestellt: Beide Stabipendel vorne ausgeschlagen
[R]Bei Stabipendel Vorderachse ersetzt
[T]Beide Stabipendel ausgeschlagen
"
201302,54840,"[C]Klappergeräusche bei Bodenwellen
[R]Stabistange rechte ersetzen
[T]Stabistange rechts ist ausgeschlagen
[C]Klappergeräusche bei Bodenwellen
[R]Stabistange rechte ersetzen
[T]Stabistange rechts ist ausgeschlagen
"
201306,55300,"[C]Stossdämpfer hinten rechts verölt
[R]Stossdämpfer hinten rechts ersetzt
[T]Stossdämpfer hinten rechts undicht
[C]Stossdämpfer hinten rechts verölt
[R]Stossdämpfer hinten rechts ersetzt
[T]Stossdämpfer hinten rechts undicht
"
201307,54840,"[C]Stabipendel vorne rechts ist ausgeschlagen
[R]Stabipendel rechts ersetzt
[T]Materialfehler am Pendel
[C]Stabipendel vorne rechts ist ausgeschlagen
[R]Stabipendel rechts ersetzt
[T]Materialfehler am Pendel
"
201306,55300,"[C]Ölverlustverlust am Stossdämpfer hinten links
[R]Stossdämpfer hinten links ersetzt
[T]Stossdämpfer hinten links undicht
[C]Ölverlustverlust am Stossdämpfer hinten links
[R]Stossdämpfer hinten links ersetzt
[T]Stossdämpfer hinten links undicht
"
201304,54830,"[C]Klappergeräusche Vorderachse
[R]Stabi's erneuern, Probefahrt - OK!
[T]Stabi's vorne ausgeschlagen
[C]Klappergeräusche Vorderachse
[R]Stabi's erneuern, Probefahrt - OK!
[T]Stabi's vorne ausgeschlagen
"
201303,54840,"[C]Klappergeräusch vorne rechts bei Unebenheiten
[R]Stabi vorne rechts erneuern, Probefahrt - OK!
[T]Stabi vorne rechts ausgeschlagen
[C]Klappergeräusch vorne rechts bei Unebenheiten
[R]Stabi vorne rechts erneuern, Probefahrt - OK!
[T]Stabi vorne rechts ausgeschlagen
"
201304,55300,"[C]Bei der HU wurde ein undichter Stoßdämpfer hinten festgestellt
[R]Stoßdämpfer hinten links ersetzen
[T]Stoßdämpfer hinten links undicht
[C]Bei der HU wurde ein undichter Stoßdämpfer hinten festgestellt
[R]Stoßdämpfer hinten links ersetzen
[T]Stoßdämpfer hinten links undicht
"
201302,55300,"[C]Kunde gibt an: TÜV bemängelt den rechten Stoßdämpfer hinten &#40;undicht&#41;
[R]Stoßdämpfer HR undicht
[T]Stoßdämpfer HR undicht
[C]Kunde gibt an: TÜV bemängelt den rechten Stoßdämpfer hinten &#40;undicht&#41;
[R]Stoßdämpfer HR undicht
[T]Stoßdämpfer HR undicht
"
201301,54840,"[C]Kunde gibt an: Knackgeräusche Vorderachse bei Fahrbahnunebenheiten
[R]Koppelstangen erneuern
[T]Beide Koppelstangen defekt
[C]Kunde gibt an: Knackgeräusche Vorderachse bei Fahrbahnunebenheiten
[R]Koppelstangen erneuern
[T]Beide Koppelstangen defekt
"
201305,55300,"[C]Kunde gibt an: TÜV bemängelt einen undichten Stoßdämpfer hinten links
[R]Stoßdämpfer hinten links erneuern
[T]Stoßdämpfer hinten links undicht
[C]Kunde gibt an: TÜV bemängelt einen undichten Stoßdämpfer hinten links
[R]Stoßdämpfer hinten links erneuern
[T]Stoßdämpfer hinten links undicht
"
201301,54830,"[C]Kunde gibt an: Klappergeräusche beim Fahren
[R]Koppelstange erneuern
[T]Koppelstange links ausgeschlagen
[C]Kunde gibt an: Klappergeräusche beim Fahren
[R]Koppelstange erneuern
[T]Koppelstange links ausgeschlagen
"
201308,54830,"[C]Der Kunde gibt an: Der TÜV-Prüfer bemängelt eine ausgeschlagene Koppelstange vorne links.
[R]Koppelstange ern.
[T]Koppelstange ausgeschlagen
[C]Der Kunde gibt an: Der TÜV-Prüfer bemängelt eine ausgeschlagene Koppelstange vorne links.
[R]Koppelstange ern.
[T]Koppelstange ausgeschlagen
"
201307,54840,"[C]Klappern bei Unebenheiten
[R]Beide Stangen tauschen
[T]Verbindungsstangen am Stabilisator erhöhtes Spiel an den Gelenken links und rechts
[L]2284
[C]Klappern bei Unebenheiten
[R]Beide Stangen tauschen
[T]Verbindungsstangen am Stabilisator erhöhtes Spiel an den Gelenken links und rechts
[L]2284
"
201305,54830,"[C]Geräusch an Vorderachse beim fahren auf unebener Fahrbahn
[R]Koppelstange vorn links erneuern
[T]Koppelstange vorn links ausgeschlagen
[C]Geräusch an Vorderachse beim fahren auf unebener Fahrbahn
[R]Koppelstange vorn links erneuern
[T]Koppelstange vorn links ausgeschlagen
"
201303,54830,"[C]Klappergeräusch beim fahren auf unebener Strasse
[R]Stabigelenk vorne links erneuern
[T]Stabigelenk vorne links ausgeschlagen
[C]Klappergeräusch beim fahren auf unebener Strasse
[R]Stabigelenk vorne links erneuern
[T]Stabigelenk vorne links ausgeschlagen
"
201306,54830,"[C]Klappergeräusche aus dem vorderen Bereich beim fahren auf unebener Strasse
[R]Stabigelenk vorne links erneuern
[T]Stabigelenk vorne links ausgeschlagen
[C]Klappergeräusche aus dem vorderen Bereich beim fahren auf unebener Strasse
[R]Stabigelenk vorne links erneuern
[T]Stabigelenk vorne links ausgeschlagen
"
201303,55300,"[T]KLAPPERGERAEUSCHE BEIM FAHREN AUF UNEBENER STRASSE. OELVERLUST AN BEIDEN STOSSDAEMPFERN HINTEN. BEIDE STOSSDAEMPFER HINTEN UNDICHT
"
201303,54830,"[C]Geräusch beim fahren
[R]Stabistangen rechts und links erneuern
[T]Stabistangen rechts und links ausgeschlagen
[L]2289
[C]Geräusch beim fahren
[R]Stabistangen rechts und links erneuern
[T]Stabistangen rechts und links ausgeschlagen
[L]2289
"
201301,55300,"[C]Fahrzeug fährt schwammig
[R]Soßdämpfer HR ersetzen
[T]Stoßdämpfer HR undicht
[C]Fahrzeug fährt schwammig
[R]Soßdämpfer HR ersetzen
[T]Stoßdämpfer HR undicht
"
201301,54830,"[C]Klackerndes Geräusch bei Kurvenfahrt
[R]Stabipendel vorne links ersetzen
[T]Stabipendel vorne links erhöhtes Spiel
[C]Klackerndes Geräusch bei Kurvenfahrt
[R]Stabipendel vorne links ersetzen
[T]Stabipendel vorne links erhöhtes Spiel
"
201306,54830,"[C]Geräusche beim Überfahren von Unebenheiten
[R]Koppelstange vorne links ersetzt
[T]Koppelstange vorne links ist ausgeschlagen
[C]Geräusche beim Überfahren von Unebenheiten
[R]Koppelstange vorne links ersetzt
[T]Koppelstange vorne links ist ausgeschlagen
"
201302,55300,"[C]Stoßdämpfer hinten links ist undicht DEKRA-Mangel
[R]Stoßdämpfer hi. li. ers.
[T]Stoßdämpferkolbenstange ist undicht hi. li.
[L]Hermann Meyer Minden 2291
[C]Stoßdämpfer hinten links ist undicht DEKRA-Mangel
[R]Stoßdämpfer hi. li. ers.
[T]Stoßdämpferkolbenstange ist undicht hi. li.
[L]Hermann Meyer Minden 2291
"
201302,55300,"[C]polternde Geräusche von der Hinterachse
[R]Stoßdämpfer erneuert
[T]Geräusche überprüft - Undichtigkeit Stoßdämpfer hinten rechts
[C]polternde Geräusche von der Hinterachse
[R]Stoßdämpfer erneuert
[T]Geräusche überprüft - Undichtigkeit Stoßdämpfer hinten rechts
"
201303,54840,"[C]Schlaggeräusche bei unebener Fahrbahn
[R]Koppelstangen beidseitig ersetzt
[T]Koppelstangen beidseitig ausgeschlagen
[L]2297
[C]Schlaggeräusche bei unebener Fahrbahn
[R]Koppelstangen beidseitig ersetzt
[T]Koppelstangen beidseitig ausgeschlagen
[L]2297
"
201303,54830,"[C]Geräusche prüfen
[R]Koppelstangen ersetzen
[T]Koppelstangen ausgeschlagen
[C]Geräusche prüfen
[R]Koppelstangen ersetzen
[T]Koppelstangen ausgeschlagen
"
201302,54830,"[C]Klappergeräusche vorne li+re.
[R]Koppelstangen vorne li+re. ersetzen.
[T]Koppelstangen vorne links +rechts ausgeschlagen. Koppelstangen zuviel Spiel.
[C]Klappergeräusche vorne li+re.
[R]Koppelstangen vorne li+re. ersetzen.
[T]Koppelstangen vorne links +rechts ausgeschlagen. Koppelstangen zuviel Spiel.
"
201303,54840,"[C]Im Rahmen der Inspektion festgestellt worden: Stabigelenke links und rechts ausgeschlagen
[R]Stabigelenke links und rechts erneuert
[T]Stabigelenke links und rechts ausgeschlagen
[C]Im Rahmen der Inspektion festgestellt worden: Stabigelenke links und rechts ausgeschlagen
[R]Stabigelenke links und rechts erneuert
[T]Stabigelenke links und rechts ausgeschlagen
"
201301,54840,"[C]Poltern vorne bei unebener Fahrbahn
[R]Koppelstange an Vorderachse links und rechts ersetzt.
[T]Poltern aus Vorderachsbereich bei unebener Fahrbahn. Koppelstange Vorderachse links und rechts ausgeschlagen.
[C]Poltern vorne bei unebener Fahrbahn
[R]Koppelstange an Vorderachse links und rechts ersetzt.
[T]Poltern aus Vorderachsbereich bei unebener Fahrbahn. Koppelstange Vorderachse links und rechts ausgeschlagen.
"
201304,54830,"[C]Klopfgeräusch während der Fahrt.
[R]Koppelstange vorne links erneuert.
Koppelstange vorne erechts erneuert.
[T]Koppelstange vorne links ausgeschlagen/spiel vorhanden.
Koppelstange vorne rechts ausgeschlagen/spiel vorhanden.
"
201308,54840,"[T]KUNDE GIBT AN  GERAEUSCH VON VORNE BEI UNEBENER FAHRBAHN. DIAGNOSE  GERAEUSCH VON VORNE RECHTS BEI UNEBENER FAHRBAHN. FAHRZEUGAUFHAENGUNG UEBERPRUEFT, KOPPELSTANGE VORNE RECHTS AUSGESCHLAGEN.
"
201304,54830,"[T]KUNDE GIBT AN  KLOPFENDES GERAEUSCH AUS VORDERACHSBEREICH. DIAGNOSE  KOPPELSTANGE VORNE LINKS AUSGESCHLAGEN.
"
201307,55300,"[C]DÄMPFER HINTEN ÖLEN 
TÜV BEMÄNGELT
[R]DÄMPFER HINTEN LI UND RE ERNEUERT
[T]FAHRZEUG SCHAUKELT AUF 
DÄMPFER HINTEN ÖLEN
[C]DÄMPFER HINTEN ÖLEN 
TÜV BEMÄNGELT
[R]DÄMPFER HINTEN LI UND RE ERNEUERT
[T]FAHRZEUG SCHAUKELT AUF 
DÄMPFER HINTEN ÖLEN
"
201303,54830,"[C]KLAPPERGERÄUSCH VORNE
[R]STABI A+E UND ERNEUERN
[T]STABISTREBE VORNE LINKS AUSGESCHLAGEN
[C]KLAPPERGERÄUSCH VORNE
[R]STABI A+E UND ERNEUERN
[T]STABISTREBE VORNE LINKS AUSGESCHLAGEN
"
201301,54830,"[C]KLAPPERGERÄUSCH VORDERACHSE
[R]BEI STABISTREBEN A+E UND ERNEUERN
[T]STABISTREBE L+R AUSGESCHLAGEN
"
201308,55300,"[C]Quietschgeräusche auf unebener Fahrbahn aus hinterem Bereich
[R]Stoßdämpfer hi. re. erneuert
[T]Stoßdämper hi re defekt
[C]Quietschgeräusche auf unebener Fahrbahn aus hinterem Bereich
[R]Stoßdämpfer hi. re. erneuert
[T]Stoßdämper hi re defekt
"
201302,54840,"[C]Poltergeraeusche von der Vorderachse
[R]Druckstange vorne rechts ersetzt
[T]Druckstange vorne rechts ausgeschlagen
"
201306,55300,"[C]Ölflecken hinten unter dem Fahrzeug
[R]Stoßdämpfer hinten erneuern
[T]Stoßdämpfer hinten undicht
[C]Ölflecken hinten unter dem Fahrzeug
[R]Stoßdämpfer hinten erneuern
[T]Stoßdämpfer hinten undicht
"
201301,54830,"[C]Klopfgeräusche auf unebener Fahrbahn
[R]Kopelstange vr erneuert
[T]Koppelstange vorne rechts ausgeschlagen
[C]Klopfgeräusche auf unebener Fahrbahn
[R]Kopelstange vr erneuert
[T]Koppelstange vorne rechts ausgeschlagen
"
201303,54840,"[C]klappern von vorn vom Fahrwerk, bei jeder Fahrbahnunebenheit
[R]Koppelstangen vorn rechts und links erneuert
[T]Koppelstangen vorn stark ausgeschlagen, müssen erneuert werden
[L]Mangel behoben
"
201303,54830,"[C]Poltern auf unebener Str.
[R]Koppelstange ersetzt
[T]Koppelstange defekt
[L]Koppelstange
[C]Poltern auf unebener Str.
[R]Koppelstange ersetzt
[T]Koppelstange defekt
[L]Koppelstange
"
201301,54840,"[C]Klappergeräusch an der Vorderachse
[R]Koppelstange vorne rechts ersetzt
[T]Nach Austausch der Stabilagerung, Geräusch noch nicht vollständig behoben. Hebebühnenprüfung im eingefederten Zustand ergab Spiel in der Koppelstange rechts
[C]Klappergeräusch an der Vorderachse
[R]Koppelstange vorne rechts ersetzt
[T]Nach Austausch der Stabilagerung, Geräusch noch nicht vollständig behoben. Hebebühnenprüfung im eingefederten Zustand ergab Spiel in der Koppelstange rechts
"
201303,54830,"[C]Bei Bodenwellen klackert etwas
[R]Koppelstangen vorn erneuern
[T]Koppelstangen defekt- verursachen Geräusche
"
201301,54830,"[C]Lautes Poltern vorne bei Bodenwellen
[R]Beide Stabipendel ersetzt
[T]Stabipendel vorne ausgeschlagen
[C]Lautes Poltern vorne bei Bodenwellen
[R]Beide Stabipendel ersetzt
[T]Stabipendel vorne ausgeschlagen
"
201301,54840,"[C]Poltergeräusche von der Vorderachse prüfen
[R]Koppelstange VR ern
[T]Koppelstange VR ausgeschlagen
[C]Poltergeräusche von der Vorderachse prüfen
[R]Koppelstange VR ern
[T]Koppelstange VR ausgeschlagen
"
201303,54840,"[C]Geräusche an der Vorderachse
[R]Koppelstange vorne rechts erneuern
[T]Koppelstange vorne rechts ausgeschlagen
[C]Geräusche an der Vorderachse
[R]Koppelstange vorne rechts erneuern
[T]Koppelstange vorne rechts ausgeschlagen
"
201304,54840,"[C]Klopfgeräusch an der Vorderachse
[R]Stabistrebe erneuert
[T]Kugelgelenk an der rechten Stabistrebe ausgeschlagen
[C]Klopfgeräusch an der Vorderachse
[R]Stabistrebe erneuert
[T]Kugelgelenk an der rechten Stabistrebe ausgeschlagen
"
201304,54840,"[C]Klappergeräusche an der Vorderachse bei unebener Fahrbahn
[R]Koppelstangen erneuert
[T]Koppelstangen vom Stabilisator ausgeschlagen
[C]Klappergeräusche an der Vorderachse bei unebener Fahrbahn
[R]Koppelstangen erneuert
[T]Koppelstangen vom Stabilisator ausgeschlagen
"
201301,54830,"[C]Klapper vorn links
[R]Koppelstange vorn links ersetzen
[T]Koppelstange vorn links ausgeschlagen
[C]Klapper vorn links
[R]Koppelstange vorn links ersetzen
[T]Koppelstange vorn links ausgeschlagen
"
201301,55300,"[C]Stoßdämpfer hinten links undicht
[R]Stoßdämpfer hinten links erneuern
[T]Stoßdämpfer hinten links undicht
[C]Stoßdämpfer hinten links undicht
[R]Stoßdämpfer hinten links erneuern
[T]Stoßdämpfer hinten links undicht
"
201301,55300,"[C]Poltern Hinterachse
[R]Stoßdämpfer hinten rechts ersetzen
[T]Stoßdämpfer hinten rechts klappert
[C]Poltern Hinterachse
[R]Stoßdämpfer hinten rechts ersetzen
[T]Stoßdämpfer hinten rechts klappert
"
201304,54840,"[C]Geräusche während der fahrt auf unebener Strasse
[R]Stabilisatoren vorne rechts und links müssen erneuert werden
[T]Stabilisatoren der Vorderachse ausgeschlagen
[C]Geräusche während der fahrt auf unebener Strasse
[R]Stabilisatoren vorne rechts und links müssen erneuert werden
[T]Stabilisatoren der Vorderachse ausgeschlagen
"
201307,55300,"[C]poltern auf der Hinterachse
[R]erneuert
[T]Stoßdämpfer undicht
[C]poltern auf der Hinterachse
[R]erneuert
[T]Stoßdämpfer undicht
"
201302,54840,"[C]Klopfendes Geräusch beim Fahren
[R]Koppelstange erneuern
[T]Koppelstange vorne rechts ausgeschlagen
[C]Klopfendes Geräusch beim Fahren
[R]Koppelstange erneuern
[T]Koppelstange vorne rechts ausgeschlagen
"
201301,54830,"[C]Geräusche bei Unebenheiten
[R]Koppelstange vorne links erneurt
[T]Koppelstange vorne links ausgeschlagen
[L]ho
[C]Geräusche bei Unebenheiten
[R]Koppelstange vorne links erneurt
[T]Koppelstange vorne links ausgeschlagen
[L]ho
"
